Polling_firm,PollDate,LPC,CPC,NDP,BQ,GPC,SampleSize,mode,NumDays,Other,pollster_id,mode_id
Nanos Research,2019-10-20,0.317,0.325,0.20800000000000002,0.07200000000000001,0.06,800,IVR,1463,0.017999999999999794,1,1
Mainstreet Research,2019-10-20,0.316,0.322,0.183,0.079,0.061,2032,online,1463,0.039000000000000146,2,2
Research Co.,2019-10-20,0.32,0.31,0.19,0.07,0.08,957,IVR,1463,0.029999999999999916,3,1
EKOS,2019-10-20,0.342,0.3,0.183,0.05,0.081,1994,telephone - IVR,1463,0.04400000000000004,4,3
Campaign Research,2019-10-20,0.314,0.313,0.17800000000000002,0.066,0.091,1498,IVR,1463,0.038000000000000034,5,1
Ipsos,2019-10-19,0.31,0.33,0.18,0.07,0.06,3108,Online - telephone,1462,0.04999999999999982,6,4
Abacus Data,2019-10-19,0.34,0.32,0.16,0.08,0.08,2000,IVR,1462,0.020000000000000018,7,1
Nanos Research,2019-10-19,0.31,0.315,0.188,0.07,0.095,1600,IVR,1462,0.02200000000000002,1,1
Campaign Research,2019-10-19,0.317,0.314,0.174,0.066,0.091,1554,IVR,1462,0.038000000000000034,5,1
Forum Research,2019-10-18,0.317,0.299,0.175,0.09,0.083,1206,online,1461,0.03600000000000014,8,2
Leger,2019-10-18,0.33,0.33,0.18,0.08,0.06,2117,IVR,1461,0.020000000000000018,9,1
Mainstreet Research,2019-10-18,0.32799999999999996,0.319,0.183,0.07200000000000001,0.055,2134,online,1461,0.042999999999999816,2,2
Nanos Research,2019-10-18,0.326,0.303,0.184,0.071,0.09300000000000001,1200,IVR,1461,0.02300000000000013,1,1
Campaign Research,2019-10-18,0.31,0.31,0.18,0.07,0.09,1987,IVR,1461,0.039999999999999925,5,1
Innovative Research,2019-10-17,0.33,0.31,0.14,0.09,0.08,1964,IVR,1460,0.050000000000000044,10,1
Innovative Research,2019-10-17,0.34,0.3,0.19,0.06,0.08,3094,IVR,1460,0.029999999999999916,10,1
EKOS,2019-10-17,0.31,0.325,0.17600000000000002,0.055,0.079,1881,telephone - IVR,1460,0.05499999999999994,4,3
Mainstreet Research,2019-10-17,0.321,0.319,0.188,0.076,0.057999999999999996,2163,online,1460,0.038000000000000034,2,2
Nanos Research,2019-10-17,0.315,0.316,0.19,0.062,0.095,1200,IVR,1460,0.02200000000000002,1,1
DART/Maru,2019-10-16,0.29,0.33,0.21,0.08,0.07,1518,IVR,1459,0.020000000000000018,11,1
Forum Research,2019-10-16,0.3,0.29,0.2,0.07,0.08,1028,online,1459,0.05999999999999994,8,2
Mainstreet Research,2019-10-16,0.319,0.309,0.18600000000000003,0.076,0.07,2128,online,1459,0.040000000000000036,2,2
Nanos Research,2019-10-16,0.315,0.325,0.18899999999999997,0.06,0.092,1200,IVR,1459,0.019000000000000017,1,1
Mainstreet Research,2019-10-15,0.309,0.306,0.183,0.079,0.077,2070,online,1458,0.04600000000000004,2,2
Nanos Research,2019-10-15,0.319,0.325,0.188,0.059000000000000004,0.094,1200,IVR,1458,0.014999999999999902,1,1
Angus Reid,2019-10-15,0.29,0.33,0.19,0.08,0.08,2100,IVR,1458,0.030000000000000027,12,1
EKOS,2019-10-15,0.312,0.318,0.184,0.064,0.068,1904,telephone - IVR,1458,0.053999999999999826,4,3
Mainstreet Research,2019-10-14,0.307,0.311,0.172,0.081,0.085,2076,online,1457,0.04400000000000004,2,2
Ipsos,2019-10-13,0.3,0.32,0.2,0.07,0.08,2204,Online - telephone,1456,0.029999999999999916,6,4
Mainstreet Research,2019-10-13,0.307,0.32299999999999995,0.166,0.078,0.083,2150,online,1456,0.04300000000000015,2,2
Nanos Research,2019-10-13,0.32299999999999995,0.321,0.192,0.059000000000000004,0.09300000000000001,1200,IVR,1456,0.012000000000000122,1,1
Nanos Research,2019-10-12,0.315,0.32299999999999995,0.19699999999999998,0.062,0.09,1200,IVR,1455,0.013000000000000234,1,1
Nanos Research,2019-10-11,0.332,0.321,0.18100000000000002,0.059000000000000004,0.08900000000000001,1200,IVR,1454,0.017999999999999905,1,1
Abacus Data,2019-10-10,0.32,0.32,0.18,0.06,0.09,3000,IVR,1453,0.029999999999999916,7,1
Campaign Research,2019-10-10,0.29,0.31,0.19,0.07,0.1,4037,IVR,1453,0.039999999999999925,5,1
Mainstreet Research,2019-10-10,0.289,0.317,0.166,0.076,0.094,2274,online,1453,0.05800000000000005,2,2
Nanos Research,2019-10-10,0.354,0.332,0.153,0.053,0.08800000000000001,1200,IVR,1453,0.020000000000000018,1,1
Innovative Research,2019-10-10,0.35,0.31,0.15,0.06,0.1,2394,IVR,1453,0.030000000000000138,10,1
Angus Reid,2019-10-10,0.29,0.34,0.17,0.07,0.09,3031,IVR,1453,0.039999999999999925,12,1
EKOS,2019-10-10,0.305,0.317,0.131,0.054000000000000006,0.128,1947,telephone - IVR,1453,0.06499999999999995,4,3
DART/Maru,2019-10-09,0.28,0.33,0.2,0.09,0.07,1510,IVR,1452,0.030000000000000027,11,1
Mainstreet Research,2019-10-09,0.302,0.322,0.151,0.07200000000000001,0.098,2309,online,1452,0.05500000000000005,2,2
Nanos Research,2019-10-09,0.369,0.332,0.141,0.051,0.08199999999999999,1200,IVR,1452,0.02499999999999991,1,1
Leger,2019-10-08,0.31,0.31,0.18,0.07,0.11,2150,IVR,1451,0.019999999999999907,9,1
Forum Research,2019-10-08,0.28,0.35,0.13,0.07,0.12,1013,online,1451,0.04999999999999993,8,2
Mainstreet Research,2019-10-08,0.317,0.32,0.14300000000000002,0.061,0.10300000000000001,2445,online,1451,0.05600000000000005,2,2
Nanos Research,2019-10-08,0.35600000000000004,0.348,0.134,0.052000000000000005,0.091,1200,IVR,1451,0.019000000000000017,1,1
Mainstreet Research,2019-10-07,0.326,0.331,0.132,0.065,0.10099999999999999,2108,online,1450,0.04499999999999993,2,2
Nanos Research,2019-10-07,0.34600000000000003,0.348,0.135,0.051,0.098,1200,IVR,1450,0.02200000000000002,1,1
Ipsos,2019-10-07,0.35,0.34,0.15,0.07,0.07,1502,IVR,1450,0.020000000000000018,6,1
Innovative Research,2019-10-07,0.35,0.33,0.13,0.05,0.1,2835,IVR,1450,0.040000000000000036,10,1
Mainstreet Research,2019-10-06,0.331,0.33299999999999996,0.133,0.063,0.09699999999999999,2108,online,1449,0.04300000000000015,2,2
Nanos Research,2019-10-06,0.34299999999999997,0.33399999999999996,0.15,0.051,0.096,1200,IVR,1449,0.026000000000000023,1,1
Abacus Data,2019-10-05,0.35,0.33,0.16,0.05,0.08,1556,IVR,1448,0.030000000000000027,7,1
Nanos Research,2019-10-05,0.36700000000000005,0.327,0.15,0.049,0.08,1200,IVR,1448,0.026999999999999913,1,1
Nanos Research,2019-10-04,0.36200000000000004,0.326,0.156,0.057999999999999996,0.07400000000000001,1200,IVR,1447,0.0239999999999998,1,1
Mainstreet Research,2019-10-03,0.34299999999999997,0.348,0.114,0.057999999999999996,0.091,2207,online,1446,0.04600000000000004,2,2
Nanos Research,2019-10-03,0.363,0.34299999999999997,0.138,0.059000000000000004,0.08199999999999999,1200,IVR,1446,0.015000000000000013,1,1
Campaign Research,2019-10-02,0.32,0.34,0.14,0.05,0.11,4755,IVR,1445,0.039999999999999925,5,1
Mainstreet Research,2019-10-02,0.33399999999999996,0.364,0.11900000000000001,0.057,0.09,2234,online,1445,0.03600000000000003,2,2
Nanos Research,2019-10-02,0.32899999999999996,0.35200000000000004,0.149,0.055,0.099,1200,IVR,1445,0.015999999999999903,1,1
Forum Research,2019-10-01,0.34,0.31,0.12,0.06,0.12,1853,online,1444,0.04999999999999993,8,2
Mainstreet Research,2019-10-01,0.335,0.36,0.11599999999999999,0.053,0.1,2259,online,1444,0.03599999999999992,2,2
Nanos Research,2019-10-01,0.342,0.33899999999999997,0.152,0.045,0.102,1200,IVR,1444,0.019999999999999907,1,1
Mainstreet Research,2019-09-30,0.33299999999999996,0.361,0.11599999999999999,0.053,0.1,2183,online,1443,0.03700000000000003,2,2
Nanos Research,2019-09-30,0.322,0.345,0.14300000000000002,0.044000000000000004,0.111,1200,IVR,1443,0.03499999999999992,1,1
Leger,2019-09-30,0.34,0.34,0.14,0.05,0.11,1558,IVR,1443,0.019999999999999907,9,1
Angus Reid,2019-09-30,0.3,0.37,0.14,0.07,0.08,1522,IVR,1443,0.04000000000000015,12,1
Ipsos,2019-09-30,0.34,0.37,0.15,0.05,0.07,1489,IVR,1443,0.020000000000000018,6,1
Mainstreet Research,2019-09-29,0.344,0.341,0.109,0.055999999999999994,0.105,2140,online,1442,0.04499999999999993,2,2
Nanos Research,2019-09-29,0.327,0.34,0.132,0.040999999999999995,0.126,1200,IVR,1442,0.03399999999999992,1,1
EKOS,2019-09-29,0.33399999999999996,0.311,0.114,0.03,0.134,1492,telephone - IVR,1442,0.07699999999999996,4,3
Mainstreet Research,2019-09-28,0.34,0.337,0.11699999999999999,0.057999999999999996,0.10099999999999999,2270,online,1441,0.04699999999999993,2,2
Nanos Research,2019-09-28,0.325,0.342,0.13,0.046,0.126,1200,IVR,1441,0.030999999999999917,1,1
Nanos Research,2019-09-27,0.326,0.341,0.14400000000000002,0.038,0.132,1200,IVR,1440,0.018999999999999906,1,1
Research Co.,2019-09-26,0.36,0.33,0.15,0.05,0.09,1000,IVR,1439,0.020000000000000018,3,1
Mainstreet Research,2019-09-26,0.33399999999999996,0.35600000000000004,0.107,0.055999999999999994,0.09699999999999999,2436,online,1439,0.050000000000000044,2,2
Nanos Research,2019-09-26,0.344,0.337,0.15,0.044000000000000004,0.105,1200,IVR,1439,0.019999999999999907,1,1
Abacus Data,2019-09-26,0.35,0.33,0.15,0.05,0.1,1975,IVR,1439,0.020000000000000018,7,1
Mainstreet Research,2019-09-25,0.344,0.358,0.107,0.055,0.092,2425,online,1438,0.04400000000000004,2,2
Nanos Research,2019-09-25,0.355,0.336,0.145,0.047,0.095,1200,IVR,1438,0.02199999999999991,1,1
Innovative Research,2019-09-25,0.35,0.31,0.14,0.05,0.1,2302,IVR,1438,0.050000000000000044,10,1
Mainstreet Research,2019-09-24,0.35200000000000004,0.355,0.10800000000000001,0.052000000000000005,0.09300000000000001,2389,online,1437,0.039999999999999925,2,2
Nanos Research,2019-09-24,0.353,0.354,0.127,0.055,0.08800000000000001,1200,IVR,1437,0.02300000000000002,1,1
Leger,2019-09-24,0.34,0.33,0.13,0.05,0.11,2153,IVR,1437,0.039999999999999925,9,1
Innovative Research,2019-09-24,0.35,0.34,0.12,0.05,0.1,2496,IVR,1437,0.040000000000000036,10,1
Mainstreet Research,2019-09-23,0.344,0.359,0.11199999999999999,0.048,0.096,2333,online,1436,0.041000000000000036,2,2
Nanos Research,2019-09-23,0.35100000000000003,0.335,0.129,0.057,0.10099999999999999,1200,IVR,1436,0.026999999999999913,1,1
Angus Reid,2019-09-23,0.3,0.35,0.15,0.06,0.11,1523,IVR,1436,0.030000000000000138,12,1
Ipsos,2019-09-23,0.32,0.36,0.15,0.04,0.11,1500,IVR,1436,0.020000000000000018,6,1
Nanos Research,2019-09-22,0.331,0.34299999999999997,0.128,0.057999999999999996,0.106,1200,IVR,1435,0.03400000000000014,1,1
EKOS,2019-09-22,0.32,0.353,0.109,0.049,0.10300000000000001,1272,online,1435,0.06599999999999995,4,2
Abacus Data,2019-09-22,0.32,0.34,0.15,0.04,0.1,1929,IVR,1435,0.04999999999999993,7,1
Mainstreet Research,2019-09-21,0.33899999999999997,0.348,0.114,0.049,0.107,2124,online,1434,0.04300000000000004,2,2
Forum Research,2019-09-21,0.33,0.33,0.11,0.06,0.11,2449,online,1434,0.05999999999999994,8,2
Nanos Research,2019-09-21,0.32899999999999996,0.355,0.14,0.053,0.095,1200,IVR,1434,0.028000000000000025,1,1
DART/Maru,2019-09-20,0.3,0.37,0.15,0.06,0.08,1520,IVR,1433,0.04000000000000015,11,1
Mainstreet Research,2019-09-20,0.359,0.342,0.109,0.048,0.10400000000000001,2087,online,1433,0.03799999999999992,2,2
Nanos Research,2019-09-20,0.32,0.368,0.13699999999999998,0.054000000000000006,0.09,1200,IVR,1433,0.031000000000000028,1,1
Mainstreet Research,2019-09-19,0.368,0.342,0.10099999999999999,0.047,0.098,2087,online,1432,0.04400000000000004,2,2
Nanos Research,2019-09-19,0.342,0.374,0.128,0.035,0.09300000000000001,1200,IVR,1432,0.028000000000000025,1,1
Mainstreet Research,2019-09-18,0.37200000000000005,0.344,0.098,0.044000000000000004,0.10099999999999999,1935,online,1431,0.041000000000000036,2,2
Nanos Research,2019-09-18,0.35,0.37799999999999995,0.11800000000000001,0.04,0.077,1200,IVR,1431,0.03700000000000003,1,1
Nanos Research,2019-09-17,0.355,0.37200000000000005,0.136,0.04,0.07,1200,IVR,1430,0.026999999999999913,1,1
Leger,2019-09-17,0.34,0.33,0.12,0.05,0.11,1598,IVR,1430,0.04999999999999993,9,1
Mainstreet Research,2019-09-16,0.368,0.348,0.09699999999999999,0.045,0.094,1935,online,1429,0.04800000000000004,2,2
Nanos Research,2019-09-16,0.349,0.359,0.154,0.047,0.065,1200,IVR,1429,0.026000000000000023,1,1
Angus Reid,2019-09-16,0.33,0.36,0.13,0.05,0.09,2154,IVR,1429,0.040000000000000036,12,1
Mainstreet Research,2019-09-15,0.365,0.35,0.096,0.043,0.099,1935,online,1428,0.04700000000000004,2,2
Nanos Research,2019-09-15,0.34,0.344,0.16399999999999998,0.044000000000000004,0.078,1200,IVR,1428,0.030000000000000138,1,1
Innovative Research,2019-09-15,0.35,0.32,0.14,0.04,0.11,1622,IVR,1428,0.040000000000000036,10,1
Nanos Research,2019-09-14,0.35200000000000004,0.32299999999999995,0.166,0.038,0.096,1200,IVR,1427,0.02499999999999991,1,1
Ipsos,2019-09-13,0.35,0.35,0.14,0.04,0.09,2562,Online - telephone,1426,0.030000000000000027,6,4
Nanos Research,2019-09-13,0.354,0.32799999999999996,0.157,0.036000000000000004,0.095,1200,IVR,1426,0.030000000000000027,1,1
DART/Maru,2019-09-11,0.32,0.35,0.15,0.06,0.08,1517,IVR,1424,0.04000000000000015,11,1
Forum Research,2019-09-11,0.324,0.363,0.086,0.040999999999999995,0.11599999999999999,1001,online,1424,0.06999999999999995,8,2
Abacus Data,2019-09-10,0.33,0.35,0.15,0.04,0.1,2000,IVR,1423,0.030000000000000027,7,1
Leger,2019-09-09,0.34,0.35,0.11,0.05,0.11,1546,IVR,1422,0.040000000000000036,9,1
Mainstreet Research,2019-09-08,0.375,0.34,0.084,0.036000000000000004,0.10800000000000001,1876,online,1421,0.05699999999999994,2,2
Nanos Research,2019-09-06,0.34600000000000003,0.307,0.165,0.04,0.11,1000,IVR,1419,0.03199999999999992,1,1
Campaign Research,2019-09-05,0.34,0.34,0.12,0.04,0.12,2094,IVR,1418,0.039999999999999925,5,1
Innovative Research,2019-09-05,0.33,0.34,0.13,0.05,0.11,3236,IVR,1418,0.039999999999999925,10,1
Nanos Research,2019-08-30,0.354,0.313,0.157,0.044000000000000004,0.10300000000000001,1000,IVR,1412,0.028999999999999915,1,1
EKOS,2019-08-29,0.37200000000000005,0.32899999999999996,0.07200000000000001,0.055,0.10400000000000001,902,online,1411,0.06799999999999984,4,2
Leger,2019-08-29,0.34,0.33,0.12,0.05,0.12,2102,IVR,1411,0.039999999999999925,9,1
Abacus Data,2019-08-29,0.33,0.34,0.17,0.04,0.09,4549,IVR,1411,0.029999999999999916,7,1
Angus Reid,2019-08-26,0.32,0.36,0.14,0.04,0.09,1534,IVR,1408,0.050000000000000044,12,1
Nanos Research,2019-08-23,0.33659999999999995,0.33649999999999997,0.1487,0.0417,0.0941,1000,IVR,1405,0.042400000000000215,1,1
EKOS,2019-08-22,0.331,0.341,0.10400000000000001,0.051,0.11199999999999999,1182,online,1404,0.06099999999999994,4,2
Leger,2019-08-19,0.33,0.33,0.11,0.04,0.13,1535,IVR,1401,0.05999999999999994,9,1
Ipsos,2019-08-19,0.33,0.35,0.18,0.03,0.09,1001,IVR,1401,0.02000000000000013,6,1
Abacus Data,2019-08-19,0.32,0.32,0.17,0.04,0.1,2152,IVR,1401,0.04999999999999993,7,1
DART/Maru,2019-08-17,0.32,0.39,0.15,0.05,0.07,1512,IVR,1399,0.020000000000000018,11,1
Nanos Research,2019-08-16,0.3461,0.3141,0.1458,0.0416,0.1,1000,IVR,1398,0.0524,1,1
Campaign Research,2019-08-13,0.32,0.33,0.13,0.04,0.12,2365,IVR,1395,0.05999999999999994,5,1
Nanos Research,2019-08-09,0.35,0.3246,0.1475,0.0369,0.098,1000,IVR,1391,0.04300000000000004,1,1
Abacus Data,2019-08-06,0.32,0.33,0.17,0.04,0.1,1422,IVR,1388,0.039999999999999925,7,1
Nanos Research,2019-08-02,0.36700000000000005,0.308,0.161,0.037000000000000005,0.09300000000000001,1000,IVR,1384,0.03399999999999992,1,1
Mainstreet Research,2019-07-31,0.345,0.341,0.111,0.044000000000000004,0.111,2463,online,1382,0.04800000000000004,2,2
Innovative Research,2019-07-31,0.36,0.32,0.14,0.04,0.1,1804,IVR,1382,0.040000000000000036,10,1
Forum Research,2019-07-28,0.31,0.34,0.12,0.05,0.12,1733,online,1379,0.05999999999999994,8,2
EKOS,2019-07-25,0.306,0.36,0.099,0.046,0.129,1115,online,1376,0.06000000000000005,4,2
Leger,2019-07-23,0.33,0.36,0.11,0.04,0.12,1536,IVR,1374,0.040000000000000036,9,1
EKOS,2019-07-18,0.336,0.313,0.125,0.031,0.125,1186,online,1369,0.06999999999999995,4,2
Nanos Research,2019-07-19,0.35600000000000004,0.3,0.18600000000000003,0.04,0.09,1000,IVR,1370,0.027999999999999914,1,1
Research Co.,2019-07-17,0.34,0.31,0.17,0.04,0.1,1000,IVR,1368,0.039999999999999925,3,1
Abacus Data,2019-07-17,0.32,0.32,0.16,0.04,0.11,1500,IVR,1368,0.04999999999999993,7,1
Ipsos,2019-07-15,0.31,0.37,0.18,0.05,0.07,1000,IVR,1366,0.020000000000000018,6,1
Campaign Research,2019-07-12,0.33,0.32,0.14,0.04,0.14,1896,IVR,1363,0.029999999999999916,5,1
Angus Reid,2019-07-12,0.3,0.38,0.14,0.04,0.1,2361,IVR,1363,0.040000000000000036,12,1
Nanos Research,2019-07-12,0.359,0.297,0.185,0.048,0.083,1000,IVR,1363,0.028000000000000025,1,1
EKOS,2019-07-08,0.307,0.32299999999999995,0.10800000000000001,0.05,0.149,948,online,1359,0.06300000000000006,4,2
Innovative Research,2019-07-08,0.35,0.32,0.12,0.04,0.11,2515,IVR,1359,0.06000000000000005,10,1
Nanos Research,2019-07-05,0.34600000000000003,0.304,0.179,0.049,0.08800000000000001,1000,IVR,1356,0.03400000000000003,1,1
Abacus Data,2019-07-02,0.32,0.33,0.16,0.04,0.11,3092,IVR,1353,0.039999999999999925,7,1
Mainstreet Research,2019-07-02,0.35,0.332,0.10400000000000001,0.045,0.10300000000000001,2651,online,1353,0.06600000000000006,2,2
EKOS,2019-06-29,0.316,0.341,0.09699999999999999,0.038,0.126,1194,online,1350,0.08199999999999996,4,2
Nanos Research,2019-06-28,0.345,0.317,0.165,0.046,0.098,1000,IVR,1349,0.029000000000000026,1,1
DART/Maru,2019-06-26,0.33,0.37,0.17,0.05,0.07,1512,IVR,1347,0.010000000000000009,11,1
Forum Research,2019-06-23,0.29,0.35,0.13,0.05,0.12,1539,online,1344,0.06000000000000005,8,2
Nanos Research,2019-06-21,0.325,0.32799999999999996,0.16899999999999998,0.049,0.102,1000,IVR,1342,0.026999999999999913,1,1
EKOS,2019-06-17,0.301,0.342,0.12,0.043,0.132,2491,online,1338,0.061999999999999944,4,2
Nanos Research,2019-06-14,0.303,0.34,0.168,0.046,0.114,1000,IVR,1335,0.028999999999999915,1,1
Leger,2019-06-10,0.29,0.38,0.13,0.04,0.11,1528,IVR,1331,0.050000000000000044,9,1
Ipsos,2019-06-07,0.31,0.37,0.18,0.05,0.06,1003,IVR,1328,0.030000000000000027,6,1
Nanos Research,2019-06-07,0.309,0.342,0.16899999999999998,0.04,0.113,1000,IVR,1328,0.026999999999999913,1,1
Campaign Research,2019-06-06,0.32,0.35,0.14,0.04,0.12,2735,IVR,1327,0.030000000000000027,5,1
Angus Reid,2019-06-04,0.26,0.37,0.15,0.05,0.12,4698,IVR,1325,0.04999999999999993,12,1
Forum Research,2019-06-02,0.3,0.34,0.13,0.06,0.13,1633,online,1323,0.039999999999999925,8,2
Nanos Research,2019-05-31,0.295,0.34299999999999997,0.16399999999999998,0.044000000000000004,0.115,1000,IVR,1321,0.039000000000000146,1,1
Innovative Research,2019-05-30,0.33,0.33,0.12,0.05,0.13,1691,IVR,1320,0.039999999999999925,10,1
Abacus Data,2019-05-30,0.33,0.32,0.16,0.03,0.12,1500,IVR,1320,0.039999999999999925,7,1
Nanos Research,2019-05-24,0.292,0.348,0.156,0.047,0.115,1000,IVR,1314,0.04200000000000004,1,1
Nanos Research,2019-05-17,0.306,0.359,0.142,0.04,0.111,1000,IVR,1307,0.041999999999999926,1,1
Nanos Research,2019-05-10,0.297,0.354,0.15,0.044000000000000004,0.113,1000,IVR,1300,0.041999999999999926,1,1
Nanos Research,2019-05-03,0.318,0.345,0.159,0.046,0.09699999999999999,1000,IVR,1293,0.03499999999999992,1,1
Campaign Research,2019-05-01,0.31,0.35,0.17,0.03,0.1,1471,IVR,1291,0.040000000000000036,5,1
Angus Reid,2019-04-30,0.25,0.38,0.18,0.05,0.11,1525,IVR,1290,0.029999999999999916,12,1
Abacus Data,2019-04-30,0.31,0.34,0.17,0.04,0.09,4015,IVR,1290,0.04999999999999993,7,1
Nanos Research,2019-04-26,0.32,0.349,0.165,0.040999999999999995,0.09,1000,IVR,1286,0.03499999999999992,1,1
Forum Research,2019-04-24,0.3,0.37,0.14,0.06,0.09,1595,online,1284,0.04000000000000015,8,2
Leger,2019-04-22,0.27,0.4,0.12,0.05,0.11,1522,IVR,1282,0.04999999999999993,9,1
Nanos Research,2019-04-18,0.33,0.355,0.152,0.047,0.084,1000,IVR,1278,0.03199999999999992,1,1
Nanos Research,2019-04-12,0.341,0.35,0.149,0.045,0.08800000000000001,1000,IVR,1272,0.026999999999999913,1,1
Innovative Research,2019-04-10,0.36,0.32,0.13,0.04,0.1,2527,IVR,1270,0.050000000000000044,10,1
Forum Research,2019-04-06,0.29,0.42,0.12,0.06,0.09,1634,online,1266,0.02000000000000013,8,2
Campaign Research,2019-04-06,0.32,0.34,0.15,0.05,0.1,2035,IVR,1266,0.039999999999999925,5,1
Nanos Research,2019-04-05,0.32799999999999996,0.349,0.166,0.04,0.095,1000,IVR,1265,0.02200000000000002,1,1
Nanos Research,2019-03-29,0.34600000000000003,0.35100000000000003,0.166,0.044000000000000004,0.081,1000,IVR,1258,0.0119999999999999,1,1
Mainstreet Research,2019-03-25,0.35,0.374,0.11599999999999999,0.031,0.079,8501,online,1254,0.050000000000000044,2,2
Angus Reid,2019-03-25,0.28,0.37,0.17,0.05,0.08,5807,IVR,1254,0.04999999999999993,12,1
Nanos Research,2019-03-22,0.325,0.34600000000000003,0.19399999999999998,0.039,0.083,1000,IVR,1251,0.013000000000000012,1,1
Forum Research,2019-03-20,0.35,0.41,0.14,0.01,0.06,1490,online,1249,0.030000000000000027,8,2
Leger,2019-03-20,0.31,0.37,0.14,0.04,0.1,1513,IVR,1249,0.040000000000000036,9,1
Nanos Research,2019-03-15,0.326,0.355,0.19899999999999998,0.032,0.077,1000,IVR,1244,0.01100000000000001,1,1
Abacus Data,2019-03-10,0.32,0.34,0.16,0.04,0.11,900,IVR,1239,0.029999999999999916,7,1
Campaign Research,2019-03-10,0.3,0.36,0.16,0.04,0.1,1893,IVR,1239,0.040000000000000036,5,1
Abacus Data,2019-03-09,0.31,0.35,0.16,0.04,0.11,900,IVR,1238,0.030000000000000027,7,1
Abacus Data,2019-03-08,0.31,0.36,0.15,0.05,0.1,900,IVR,1237,0.030000000000000027,7,1
Nanos Research,2019-03-08,0.32899999999999996,0.361,0.179,0.036000000000000004,0.083,1000,IVR,1237,0.01200000000000001,1,1
Abacus Data,2019-03-07,0.33,0.34,0.16,0.04,0.1,900,IVR,1236,0.029999999999999916,7,1
Abacus Data,2019-03-06,0.32,0.34,0.18,0.04,0.09,900,IVR,1235,0.029999999999999916,7,1
Abacus Data,2019-03-05,0.31,0.35,0.17,0.04,0.09,900,IVR,1234,0.040000000000000036,7,1
Innovative Research,2019-03-04,0.36,0.32,0.13,0.05,0.09,2122,IVR,1233,0.050000000000000044,10,1
Ipsos,2019-03-04,0.31,0.4,0.2,0.04,0.04,1000,IVR,1233,0.010000000000000009,6,1
Abacus Data,2019-03-04,0.3,0.36,0.17,0.05,0.09,1500,IVR,1233,0.030000000000000027,7,1
Nanos Research,2019-03-01,0.342,0.34700000000000003,0.155,0.036000000000000004,0.091,1000,IVR,1230,0.028999999999999915,1,1
Forum Research,2019-02-28,0.33,0.42,0.12,0.03,0.05,1301,online,1229,0.04999999999999993,8,2
Abacus Data,2019-02-26,0.32,0.33,0.17,0.04,0.09,2374,IVR,1227,0.04999999999999993,7,1
Angus Reid,2019-02-24,0.31,0.38,0.14,0.05,0.08,1009,IVR,1225,0.040000000000000036,12,1
Nanos Research,2019-02-22,0.35700000000000004,0.336,0.15,0.037000000000000005,0.084,1000,IVR,1223,0.03599999999999992,1,1
Leger,2019-02-19,0.34,0.36,0.12,0.05,0.08,1529,IVR,1220,0.050000000000000044,9,1
Nanos Research,2019-02-15,0.379,0.318,0.13699999999999998,0.040999999999999995,0.078,1000,IVR,1216,0.04699999999999993,1,1
Abacus Data,2019-02-11,0.33,0.35,0.15,0.04,0.09,2500,IVR,1212,0.040000000000000036,7,1
Campaign Research,2019-02-11,0.32,0.37,0.14,0.05,0.07,1590,IVR,1212,0.050000000000000044,5,1
Nanos Research,2019-02-08,0.375,0.344,0.13,0.038,0.07400000000000001,1000,IVR,1209,0.038999999999999924,1,1
Abacus Data,2019-02-05,0.34,0.34,0.17,0.04,0.08,2500,IVR,1206,0.029999999999999916,7,1
Nanos Research,2019-02-01,0.376,0.359,0.132,0.031,0.079,1000,IVR,1202,0.02300000000000002,1,1
Nanos Research,2019-01-25,0.376,0.366,0.128,0.03,0.081,1000,IVR,1195,0.019000000000000017,1,1
Innovative Research,2019-01-24,0.38,0.32,0.12,0.05,0.08,2451,IVR,1194,0.050000000000000044,10,1
Mainstreet Research,2019-01-18,0.37200000000000005,0.35100000000000003,0.115,0.032,0.07200000000000001,7941,online,1188,0.05799999999999983,2,2
Nanos Research,2019-01-18,0.37200000000000005,0.361,0.142,0.032,0.07400000000000001,1000,IVR,1188,0.018999999999999906,1,1
Nanos Research,2019-01-11,0.381,0.33899999999999997,0.154,0.033,0.069,1000,IVR,1181,0.02400000000000002,1,1
Innovative Research,2019-01-07,0.36,0.33,0.15,0.05,0.08,2700,IVR,1177,0.030000000000000027,10,1
Nanos Research,2019-01-04,0.387,0.33299999999999996,0.16699999999999998,0.03,0.06,1000,IVR,1174,0.02299999999999991,1,1
Nanos Research,2018-12-28,0.368,0.344,0.161,0.034,0.064,1000,IVR,1167,0.028999999999999915,1,1
Nanos Research,2018-12-21,0.35200000000000004,0.341,0.16,0.038,0.07,1000,IVR,1160,0.038999999999999924,1,1
Abacus Data,2018-12-18,0.35,0.34,0.17,0.04,0.07,2000,IVR,1157,0.030000000000000027,7,1
Nanos Research,2018-12-14,0.36,0.33899999999999997,0.166,0.034,0.066,1000,IVR,1153,0.03499999999999992,1,1
Campaign Research,2018-12-13,0.33,0.35,0.16,0.04,0.08,1494,IVR,1152,0.040000000000000036,5,1
Nanos Research,2018-12-07,0.341,0.348,0.158,0.031,0.08199999999999999,1000,IVR,1146,0.039999999999999925,1,1
Nanos Research,2018-11-30,0.379,0.322,0.14300000000000002,0.03,0.076,1000,IVR,1139,0.04999999999999993,1,1
Forum Research,2018-11-29,0.34,0.43,0.11,0.04,0.06,1541,online,1138,0.020000000000000018,8,2
Nanos Research,2018-11-23,0.396,0.315,0.145,0.024,0.069,1000,IVR,1132,0.050999999999999934,1,1
Leger,2018-11-20,0.39,0.33,0.14,0.04,0.05,1521,IVR,1129,0.04999999999999993,9,1
Nanos Research,2018-11-16,0.39399999999999996,0.287,0.172,0.025,0.073,1000,IVR,1125,0.049000000000000044,1,1
Innovative Research,2018-11-15,0.38,0.32,0.14,0.04,0.08,2490,IVR,1124,0.040000000000000036,10,1
Abacus Data,2018-11-13,0.38,0.31,0.16,0.04,0.09,1500,IVR,1122,0.020000000000000018,7,1
Campaign Research,2018-11-09,0.35,0.35,0.17,0.04,0.07,2512,IVR,1118,0.020000000000000018,5,1
Nanos Research,2018-11-09,0.39399999999999996,0.275,0.198,0.02,0.061,1000,IVR,1118,0.052000000000000046,1,1
Mainstreet Research,2018-11-07,0.39299999999999996,0.34600000000000003,0.10800000000000001,0.034,0.068,7961,online,1116,0.050999999999999934,2,2
Nanos Research,2018-11-02,0.396,0.281,0.193,0.019,0.069,1000,IVR,1111,0.041999999999999815,1,1
Nanos Research,2018-10-26,0.39399999999999996,0.282,0.193,0.027999999999999997,0.065,1000,IVR,1104,0.038000000000000034,1,1
Nanos Research,2018-10-19,0.395,0.294,0.16899999999999998,0.036000000000000004,0.07,1000,IVR,1097,0.03599999999999981,1,1
Nanos Research,2018-10-12,0.371,0.314,0.161,0.037000000000000005,0.07200000000000001,1000,IVR,1090,0.04499999999999993,1,1
Forum Research,2018-10-10,0.32,0.41,0.15,0.04,0.07,1226,online,1088,0.010000000000000009,8,2
Nanos Research,2018-10-05,0.373,0.311,0.162,0.038,0.067,1000,IVR,1083,0.04899999999999993,1,1
Innovative Research,2018-10-01,0.38,0.31,0.15,0.05,0.07,2410,IVR,1079,0.040000000000000036,10,1
Nanos Research,2018-09-28,0.38,0.317,0.16699999999999998,0.026000000000000002,0.06,1000,IVR,1076,0.04999999999999982,1,1
Nanos Research,2018-09-21,0.39,0.312,0.17,0.024,0.055,1000,IVR,1069,0.04899999999999993,1,1
Pollara,2018-09-20,0.4,0.34,0.12,0.03,0.07,1002,IVR,1068,0.040000000000000036,13,1
Abacus Data,2018-09-19,0.38,0.34,0.17,0.03,0.07,2000,IVR,1067,0.010000000000000009,7,1
DART/Maru,2018-09-19,0.3,0.38,0.17,0.05,0.08,5769,IVR,1067,0.020000000000000018,11,1
Nanos Research,2018-09-14,0.41100000000000003,0.314,0.149,0.02,0.057999999999999996,1000,IVR,1062,0.04799999999999982,1,1
Nanos Research,2018-09-07,0.39899999999999997,0.32799999999999996,0.149,0.025,0.065,1000,IVR,1055,0.03400000000000003,1,1
Nanos Research,2018-08-31,0.39899999999999997,0.324,0.158,0.034,0.067,1000,IVR,1048,0.018000000000000016,1,1
Abacus Data,2018-08-25,0.37,0.34,0.18,0.03,0.06,1000,IVR,1042,0.020000000000000018,7,1
Nanos Research,2018-08-24,0.38799999999999996,0.344,0.165,0.028999999999999998,0.063,1000,IVR,1041,0.010999999999999899,1,1
Abacus Data,2018-08-20,0.37,0.33,0.18,0.03,0.08,1500,IVR,1037,0.01000000000000012,7,1
Nanos Research,2018-08-17,0.375,0.33899999999999997,0.19,0.032,0.057,1000,IVR,1034,0.007000000000000006,1,1
Forum Research,2018-08-12,0.36,0.42,0.15,0.02,0.04,1777,online,1029,0.009999999999999898,8,2
Nanos Research,2018-08-10,0.358,0.35100000000000003,0.201,0.032,0.048,1000,IVR,1027,0.009999999999999787,1,1
Nanos Research,2018-08-03,0.369,0.366,0.17800000000000002,0.023,0.052000000000000005,1000,IVR,1020,0.0119999999999999,1,1
Nanos Research,2018-07-27,0.358,0.35200000000000004,0.191,0.022000000000000002,0.066,1000,IVR,1013,0.010999999999999899,1,1
EKOS,2018-07-26,0.349,0.321,0.17300000000000001,0.04,0.09300000000000001,1302,online,1012,0.02400000000000002,4,2
Abacus Data,2018-07-22,0.36,0.34,0.19,0.03,0.07,2000,IVR,1008,0.010000000000000009,7,1
Nanos Research,2018-07-20,0.358,0.359,0.19,0.02,0.061,1000,IVR,1006,0.01200000000000001,1,1
Mainstreet Research,2018-07-17,0.39399999999999996,0.369,0.11800000000000001,0.024,0.07,9384,online,1003,0.025000000000000133,2,2
Nanos Research,2018-07-13,0.373,0.345,0.184,0.018000000000000002,0.071,1000,IVR,999,0.009000000000000119,1,1
Nanos Research,2018-07-06,0.35700000000000004,0.33399999999999996,0.203,0.024,0.068,1000,IVR,992,0.01399999999999979,1,1
Nanos Research,2018-06-29,0.365,0.331,0.20800000000000002,0.027000000000000003,0.054000000000000006,1000,IVR,985,0.015000000000000013,1,1
Nanos Research,2018-06-22,0.36700000000000005,0.32,0.20600000000000002,0.036000000000000004,0.057,1000,IVR,978,0.013999999999999901,1,1
Campaign Research,2018-06-18,0.34,0.36,0.18,0.03,0.08,1579,IVR,974,0.01000000000000012,5,1
Nanos Research,2018-06-15,0.369,0.325,0.19899999999999998,0.040999999999999995,0.051,1000,IVR,971,0.015000000000000013,1,1
Angus Reid,2018-06-14,0.36,0.32,0.16,0.04,0.09,1023,IVR,970,0.030000000000000027,12,1
Nanos Research,2018-06-08,0.353,0.33,0.22,0.040999999999999995,0.048,1000,IVR,964,0.007999999999999896,1,1
Nanos Research,2018-06-01,0.341,0.34,0.212,0.044000000000000004,0.054000000000000006,1000,IVR,957,0.008999999999999897,1,1
Forum Research,2018-05-31,0.31,0.44,0.17,0.02,0.05,969,online,956,0.009999999999999898,8,2
Nanos Research,2018-05-25,0.33,0.36,0.198,0.04,0.064,1000,IVR,950,0.008000000000000007,1,1
Nanos Research,2018-05-18,0.35100000000000003,0.34,0.201,0.036000000000000004,0.059000000000000004,1000,IVR,943,0.01299999999999979,1,1
Innovative Research,2018-05-14,0.35,0.38,0.15,0.04,0.07,2327,IVR,939,0.010000000000000009,10,1
Nanos Research,2018-05-11,0.361,0.344,0.185,0.037000000000000005,0.06,1000,IVR,936,0.013000000000000123,1,1
Nanos Research,2018-05-04,0.38,0.332,0.17600000000000002,0.042,0.054000000000000006,1000,IVR,929,0.015999999999999903,1,1
Innovative Research,2018-05-02,0.35,0.38,0.16,0.04,0.06,1000,IVR,927,0.010000000000000009,10,1
Nanos Research,2018-04-27,0.392,0.306,0.182,0.044000000000000004,0.059000000000000004,1000,IVR,922,0.017000000000000015,1,1
Forum Research,2018-04-20,0.3,0.43,0.14,0.04,0.08,1585,online,915,0.010000000000000009,8,2
Nanos Research,2018-04-20,0.382,0.316,0.179,0.037000000000000005,0.07,1000,IVR,915,0.016000000000000014,1,1
Mainstreet Research,2018-04-18,0.40399999999999997,0.371,0.11900000000000001,0.026000000000000002,0.059000000000000004,9401,online,913,0.02100000000000002,2,2
Nanos Research,2018-04-13,0.41100000000000003,0.292,0.158,0.038,0.08199999999999999,1000,IVR,908,0.018999999999999906,1,1
Nanos Research,2018-04-06,0.382,0.32899999999999996,0.172,0.03,0.07,1000,IVR,901,0.016999999999999904,1,1
Nanos Research,2018-03-29,0.391,0.337,0.16399999999999998,0.024,0.065,1000,IVR,893,0.019000000000000128,1,1
Nanos Research,2018-03-23,0.381,0.34700000000000003,0.168,0.031,0.055,1000,IVR,887,0.017999999999999905,1,1
Nanos Research,2018-03-16,0.359,0.348,0.185,0.035,0.062,1000,IVR,880,0.01100000000000012,1,1
Angus Reid,2018-03-15,0.3,0.4,0.19,0.04,0.06,5423,IVR,879,0.010000000000000009,12,1
Nanos Research,2018-03-09,0.358,0.331,0.193,0.045,0.067,1000,IVR,873,0.005999999999999783,1,1
Leger,2018-03-08,0.38,0.38,0.14,0.03,0.05,1536,IVR,872,0.019999999999999907,9,1
Abacus Data,2018-03-04,0.36,0.33,0.18,0.03,0.08,4023,IVR,868,0.02000000000000013,7,1
Nanos Research,2018-03-02,0.365,0.327,0.19,0.04,0.071,1000,IVR,866,0.007000000000000117,1,1
Forum Research,2018-03-01,0.34,0.46,0.14,0.02,0.03,941,online,865,0.009999999999999898,8,2
Nanos Research,2018-02-23,0.377,0.315,0.192,0.038,0.069,1000,IVR,859,0.009000000000000119,1,1
Nanos Research,2018-02-16,0.366,0.308,0.203,0.033,0.08,1000,IVR,852,0.010000000000000009,1,1
Campaign Research,2018-02-10,0.39,0.32,0.16,0.04,0.07,2227,IVR,846,0.020000000000000018,5,1
Nanos Research,2018-02-09,0.381,0.304,0.185,0.031,0.08800000000000001,1000,IVR,845,0.010999999999999899,1,1
Nanos Research,2018-02-02,0.381,0.303,0.19699999999999998,0.03,0.076,1000,IVR,838,0.013000000000000123,1,1
Abacus Data,2018-01-28,0.39,0.32,0.18,0.04,0.06,1411,IVR,833,0.010000000000000009,7,1
Nanos Research,2018-01-26,0.37799999999999995,0.306,0.19899999999999998,0.035,0.075,1000,IVR,831,0.007000000000000117,1,1
Forum Research,2018-01-24,0.38,0.43,0.12,0.03,0.03,1408,online,829,0.009999999999999898,8,2
Nanos Research,2018-01-19,0.379,0.344,0.17300000000000001,0.037000000000000005,0.06,1000,IVR,824,0.006999999999999895,1,1
Nanos Research,2018-01-12,0.37,0.33799999999999997,0.2,0.038,0.045,1000,IVR,817,0.009000000000000008,1,1
Campaign Research,2018-01-11,0.42,0.29,0.16,0.04,0.07,1887,IVR,816,0.020000000000000018,5,1
Nanos Research,2018-01-05,0.409,0.307,0.195,0.037000000000000005,0.048,1000,IVR,810,0.0039999999999998925,1,1
Nanos Research,2017-12-29,0.41600000000000004,0.301,0.201,0.035,0.042,1000,IVR,803,0.004999999999999782,1,1
Nanos Research,2017-12-22,0.428,0.29100000000000004,0.2,0.033,0.042,1000,IVR,796,0.005999999999999894,1,1
Nanos Research,2017-12-15,0.419,0.293,0.191,0.034,0.057,1000,IVR,789,0.005999999999999894,1,1
Forum Research,2017-12-14,0.38,0.39,0.12,0.05,0.05,1284,online,788,0.009999999999999898,8,2
Nanos Research,2017-12-08,0.40700000000000003,0.303,0.175,0.038,0.067,1000,IVR,782,0.010000000000000009,1,1
Nanos Research,2017-12-01,0.401,0.307,0.165,0.042,0.069,1000,IVR,775,0.016000000000000014,1,1
Leger,2017-11-30,0.4,0.34,0.13,0.04,0.08,1609,IVR,774,0.010000000000000009,9,1
Nanos Research,2017-11-24,0.38799999999999996,0.306,0.172,0.044000000000000004,0.069,1000,IVR,768,0.02100000000000013,1,1
Nanos Research,2017-11-17,0.39299999999999996,0.307,0.166,0.05,0.07,1000,IVR,761,0.014000000000000012,1,1
Nanos Research,2017-11-10,0.38299999999999995,0.309,0.175,0.053,0.06,1000,IVR,754,0.020000000000000018,1,1
Campaign Research,2017-11-09,0.38,0.3,0.19,0.05,0.07,2616,IVR,753,0.010000000000000009,5,1
Nanos Research,2017-11-03,0.366,0.29600000000000004,0.19,0.059000000000000004,0.064,1000,IVR,747,0.02499999999999991,1,1
Nanos Research,2017-10-27,0.361,0.29600000000000004,0.185,0.061,0.066,1000,IVR,740,0.030999999999999917,1,1
Insights West,2017-10-26,0.35,0.33,0.2,0.04,0.07,1005,IVR,739,0.010000000000000009,14,1
Leger,2017-10-25,0.42,0.3,0.15,0.04,0.07,1534,IVR,738,0.020000000000000018,9,1
Abacus Data,2017-10-23,0.39,0.35,0.15,0.05,0.05,1500,IVR,736,0.009999999999999898,7,1
Nanos Research,2017-10-20,0.35,0.308,0.177,0.063,0.069,1000,IVR,733,0.03300000000000014,1,1
Nanos Research,2017-10-13,0.34600000000000003,0.313,0.163,0.07200000000000001,0.073,1000,IVR,726,0.03299999999999992,1,1
Angus Reid,2017-10-12,0.35,0.35,0.18,0.04,0.06,1492,IVR,725,0.020000000000000018,12,1
Campaign Research,2017-10-11,0.38,0.3,0.19,0.04,0.08,2002,IVR,724,0.01000000000000012,5,1
Nanos Research,2017-10-06,0.369,0.32,0.154,0.066,0.055999999999999994,1000,IVR,719,0.03499999999999992,1,1
Angus Reid,2017-10-04,0.37,0.36,0.14,0.04,0.08,1477,IVR,717,0.010000000000000009,12,1
EKOS,2017-10-01,0.344,0.33299999999999996,0.145,0.045,0.08900000000000001,4839,online,714,0.04400000000000004,4,2
Nanos Research,2017-09-29,0.381,0.312,0.152,0.063,0.067,1000,IVR,712,0.02499999999999991,1,1
Nanos Research,2017-09-22,0.385,0.325,0.146,0.061,0.057,1000,IVR,705,0.025999999999999912,1,1
Nanos Research,2017-09-15,0.409,0.3,0.155,0.06,0.055,1000,IVR,698,0.02100000000000002,1,1
Forum Research,2017-09-14,0.35,0.39,0.15,0.05,0.04,1350,online,697,0.019999999999999907,8,2
Campaign Research,2017-09-11,0.42,0.3,0.16,0.05,0.06,1770,IVR,694,0.010000000000000009,5,1
Nanos Research,2017-09-08,0.42,0.301,0.159,0.046,0.059000000000000004,1000,IVR,691,0.014999999999999902,1,1
Nanos Research,2017-09-01,0.41200000000000003,0.32,0.157,0.049,0.047,1000,IVR,684,0.014999999999999902,1,1
Mainstreet Research,2017-08-31,0.43,0.32,0.15,0.04,0.05,2000,IVR,683,0.009999999999999898,2,1
Nanos Research,2017-08-25,0.419,0.308,0.16399999999999998,0.043,0.05,1000,IVR,677,0.015999999999999903,1,1
Nanos Research,2017-08-18,0.39399999999999996,0.31,0.182,0.051,0.049,1000,IVR,670,0.014000000000000012,1,1
Forum Research,2017-08-17,0.42,0.35,0.14,0.04,0.04,1150,online,669,0.009999999999999898,8,2
Nanos Research,2017-08-11,0.37799999999999995,0.311,0.192,0.052000000000000005,0.054000000000000006,1000,IVR,663,0.0129999999999999,1,1
Nanos Research,2017-08-04,0.375,0.293,0.20199999999999999,0.064,0.054000000000000006,1000,IVR,656,0.01200000000000001,1,1
Nanos Research,2017-07-28,0.36700000000000005,0.29100000000000004,0.2,0.057999999999999996,0.068,1000,IVR,649,0.015999999999999792,1,1
Nanos Research,2017-07-21,0.39,0.303,0.184,0.042,0.062,1000,IVR,642,0.018999999999999906,1,1
Abacus Data,2017-07-18,0.43,0.31,0.16,0.03,0.05,2036,IVR,639,0.019999999999999907,7,1
Nanos Research,2017-07-14,0.38299999999999995,0.312,0.162,0.059000000000000004,0.061,1000,IVR,635,0.02299999999999991,1,1
Campaign Research,2017-07-10,0.4,0.31,0.19,0.04,0.05,1540,IVR,631,0.010000000000000009,5,1
Nanos Research,2017-07-07,0.39799999999999996,0.33,0.136,0.053,0.064,1000,IVR,628,0.018999999999999906,1,1
Nanos Research,2017-06-30,0.389,0.316,0.14,0.063,0.076,1000,IVR,621,0.015999999999999903,1,1
Nanos Research,2017-06-23,0.38299999999999995,0.311,0.157,0.068,0.062,1000,IVR,614,0.018999999999999906,1,1
EKOS,2017-06-19,0.353,0.33,0.152,0.037000000000000005,0.085,5658,online,610,0.04299999999999993,4,2
Nanos Research,2017-06-16,0.375,0.309,0.165,0.067,0.065,1000,IVR,607,0.019000000000000128,1,1
Angus Reid,2017-06-12,0.37,0.34,0.17,0.04,0.06,5406,IVR,603,0.020000000000000018,12,1
Nanos Research,2017-06-09,0.368,0.305,0.17300000000000001,0.061,0.071,1000,IVR,600,0.02200000000000002,1,1
Forum Research,2017-06-08,0.42,0.34,0.12,0.05,0.06,1483,online,599,0.010000000000000009,8,2
Nanos Research,2017-06-02,0.4,0.281,0.165,0.062,0.073,1000,IVR,593,0.018999999999999906,1,1
Angus Reid,2017-05-31,0.4,0.33,0.16,0.04,0.06,1958,IVR,591,0.010000000000000009,12,1
Nanos Research,2017-05-26,0.40299999999999997,0.28600000000000003,0.16699999999999998,0.057,0.07200000000000001,1000,IVR,586,0.014999999999999902,1,1
Nanos Research,2017-05-19,0.42100000000000004,0.27899999999999997,0.162,0.052000000000000005,0.07400000000000001,1000,IVR,579,0.01200000000000001,1,1
Leger,2017-05-18,0.46,0.25,0.16,0.05,0.06,1529,IVR,578,0.020000000000000018,9,1
Campaign Research,2017-05-13,0.43,0.27,0.19,0.03,0.07,1969,IVR,573,0.010000000000000009,5,1
Abacus Data,2017-05-12,0.43,0.27,0.2,0.04,0.05,1182,IVR,572,0.010000000000000009,7,1
Nanos Research,2017-05-12,0.428,0.281,0.159,0.06,0.055999999999999994,1000,IVR,572,0.015999999999999792,1,1
Nanos Research,2017-05-05,0.418,0.29,0.188,0.051,0.040999999999999995,1000,IVR,565,0.01200000000000001,1,1
Nanos Research,2017-04-28,0.43,0.29600000000000004,0.185,0.044000000000000004,0.036000000000000004,1000,IVR,558,0.008999999999999897,1,1
Forum Research,2017-04-24,0.35,0.35,0.17,0.05,0.07,1479,online,554,0.010000000000000009,8,2
Nanos Research,2017-04-21,0.42,0.304,0.19,0.04,0.028999999999999998,1000,IVR,551,0.017000000000000015,1,1
Nanos Research,2017-04-14,0.414,0.324,0.187,0.034,0.031,1000,IVR,544,0.009999999999999898,1,1
Campaign Research,2017-04-11,0.38,0.29,0.19,0.06,0.06,1970,IVR,541,0.020000000000000018,5,1
Nanos Research,2017-04-07,0.40299999999999997,0.326,0.18,0.04,0.035,1000,IVR,537,0.015999999999999903,1,1
Nanos Research,2017-03-31,0.406,0.29600000000000004,0.184,0.052000000000000005,0.046,1000,IVR,530,0.015999999999999792,1,1
Nanos Research,2017-03-24,0.425,0.292,0.161,0.048,0.052000000000000005,1000,IVR,523,0.02199999999999991,1,1
Forum Research,2017-03-23,0.36,0.38,0.15,0.06,0.04,1029,online,522,0.010000000000000009,8,2
Stratcom,2017-03-17,0.44,0.29,0.16,0.04,0.06,2029,IVR,516,0.010000000000000009,15,1
Nanos Research,2017-03-17,0.419,0.285,0.171,0.047,0.052000000000000005,1000,IVR,516,0.025999999999999912,1,1
Nanos Research,2017-03-10,0.414,0.281,0.17,0.049,0.06,1000,IVR,509,0.0259999999999998,1,1
Campaign Research,2017-03-07,0.43,0.27,0.16,0.06,0.05,1886,telephone,506,0.030000000000000027,5,5
Nanos Research,2017-03-03,0.396,0.305,0.172,0.05,0.051,1000,IVR,502,0.025999999999999912,1,1
Nanos Research,2017-02-24,0.389,0.31,0.168,0.054000000000000006,0.052000000000000005,1000,IVR,495,0.026999999999999802,1,1
Abacus Data,2017-02-19,0.4,0.33,0.16,0.04,0.06,1500,IVR,490,0.010000000000000009,7,1
Nanos Research,2017-02-17,0.39299999999999996,0.29600000000000004,0.16899999999999998,0.063,0.057,1000,IVR,488,0.02199999999999991,1,1
Nanos Research,2017-02-10,0.379,0.32899999999999996,0.16899999999999998,0.048,0.053,1000,IVR,481,0.02199999999999991,1,1
Campaign Research,2017-02-06,0.34,0.34,0.16,0.06,0.06,1457,online,477,0.039999999999999813,5,2
Nanos Research,2017-02-03,0.38,0.325,0.16399999999999998,0.049,0.059000000000000004,1000,IVR,474,0.02299999999999991,1,1
Nanos Research,2017-01-27,0.391,0.321,0.163,0.051,0.055,1000,IVR,467,0.018999999999999906,1,1
Forum Research,2017-01-21,0.42,0.36,0.12,0.04,0.05,1332,online,461,0.009999999999999898,8,2
Nanos Research,2017-01-20,0.39399999999999996,0.312,0.163,0.051,0.059000000000000004,1000,IVR,460,0.020999999999999908,1,1
Nanos Research,2017-01-13,0.414,0.284,0.162,0.061,0.061,1000,IVR,453,0.018000000000000016,1,1
Nanos Research,2017-01-06,0.43,0.285,0.162,0.052000000000000005,0.054000000000000006,1000,IVR,446,0.016999999999999904,1,1
Nanos Research,2016-12-30,0.43,0.27899999999999997,0.16699999999999998,0.055,0.059000000000000004,1000,IVR,439,0.010000000000000009,1,1
Nanos Research,2016-12-23,0.42,0.28300000000000003,0.16899999999999998,0.055999999999999994,0.055999999999999994,1000,IVR,432,0.015999999999999792,1,1
Nanos Research,2016-12-16,0.436,0.27399999999999997,0.16699999999999998,0.049,0.055999999999999994,1000,IVR,425,0.018000000000000016,1,1
Abacus Data,2016-12-14,0.44,0.3,0.16,0.04,0.05,1848,IVR,423,0.009999999999999898,7,1
Nanos Research,2016-12-09,0.43200000000000005,0.267,0.165,0.054000000000000006,0.06,1000,IVR,418,0.021999999999999797,1,1
Forum Research,2016-12-07,0.42,0.34,0.12,0.05,0.06,1304,online,416,0.010000000000000009,8,2
Nanos Research,2016-12-02,0.429,0.26,0.174,0.048,0.068,1000,IVR,411,0.020999999999999908,1,1
Nanos Research,2016-11-25,0.447,0.251,0.179,0.044000000000000004,0.064,1000,IVR,404,0.014999999999999902,1,1
EKOS,2016-11-22,0.41200000000000003,0.312,0.13,0.024,0.08199999999999999,1949,online,401,0.040000000000000036,4,2
Nanos Research,2016-11-18,0.429,0.287,0.16,0.055999999999999994,0.055999999999999994,1000,IVR,397,0.01200000000000001,1,1
Nanos Research,2016-11-11,0.46299999999999997,0.262,0.154,0.043,0.062,1000,IVR,390,0.016000000000000014,1,1
Forum Research,2016-11-10,0.51,0.28,0.11,0.04,0.05,1474,online,389,0.009999999999999898,8,2
Nanos Research,2016-11-04,0.449,0.29600000000000004,0.138,0.055,0.055,1000,IVR,383,0.006999999999999784,1,1
Nanos Research,2016-10-28,0.445,0.29600000000000004,0.133,0.053,0.06,1000,IVR,376,0.0129999999999999,1,1
Nanos Research,2016-10-21,0.466,0.275,0.139,0.04,0.068,1000,IVR,369,0.011999999999999789,1,1
EKOS,2016-10-18,0.466,0.264,0.141,0.033,0.078,1622,Online - telephone,366,0.018000000000000016,4,4
Nanos Research,2016-10-14,0.46299999999999997,0.262,0.154,0.043,0.062,1000,IVR,362,0.016000000000000014,1,1
Abacus Data,2016-10-12,0.45,0.28,0.14,0.05,0.06,1498,IVR,360,0.020000000000000018,7,1
Nanos Research,2016-10-07,0.45899999999999996,0.259,0.162,0.043,0.057,1000,IVR,355,0.019999999999999907,1,1
Nanos Research,2016-09-30,0.45799999999999996,0.262,0.16699999999999998,0.045,0.05,1000,IVR,348,0.017999999999999905,1,1
Forum Research,2016-09-21,0.47,0.34,0.09,0.06,0.03,1326,online,339,0.010000000000000009,8,2
Forum Research,2016-09-07,0.48,0.3,0.11,0.05,0.04,1370,online,325,0.019999999999999907,8,2
Leger,2016-09-01,0.53,0.25,0.12,0.04,0.05,1535,IVR,319,0.009999999999999898,9,1
Abacus Data,2016-08-25,0.46,0.28,0.16,0.04,0.05,2010,IVR,312,0.009999999999999898,7,1
Forum Research,2016-08-06,0.5,0.31,0.1,0.04,0.04,1345,online,293,0.009999999999999898,8,2
EKOS,2016-07-14,0.456,0.285,0.155,0.027999999999999997,0.059000000000000004,1003,Online - telephone,270,0.016999999999999904,4,4
Forum Research,2016-07-05,0.52,0.28,0.11,0.05,0.03,1429,online,261,0.009999999999999898,8,2
Abacus Data,2016-06-16,0.44,0.28,0.16,0.05,0.06,1500,IVR,242,0.010000000000000009,7,1
Forum Research,2016-06-07,0.49,0.32,0.1,0.04,0.04,2271,online,233,0.009999999999999898,8,2
EKOS,2016-06-07,0.447,0.26899999999999996,0.124,0.040999999999999995,0.078,2371,online,233,0.041000000000000036,4,2
Abacus Data,2016-05-20,0.46,0.27,0.15,0.04,0.07,2000,IVR,215,0.010000000000000009,7,1
Forum Research,2016-05-11,0.52,0.29,0.11,0.04,0.03,1517,online,206,0.009999999999999898,8,2
Nanos Research,2016-04-22,0.43200000000000005,0.258,0.193,0.042,0.055,1000,IVR,187,0.019999999999999907,1,1
EKOS,2016-04-15,0.441,0.285,0.12,0.044000000000000004,0.067,1176,online,180,0.04299999999999993,4,2
Abacus Data,2016-04-13,0.49,0.26,0.13,0.05,0.05,1500,IVR,178,0.019999999999999907,7,1
Innovative Research,2016-03-30,0.46,0.3,0.12,0.05,0.06,2456,IVR,164,0.010000000000000009,10,1
EKOS,2016-03-29,0.42100000000000004,0.317,0.11699999999999999,0.048,0.064,2019,online,163,0.03299999999999992,4,2
Abacus Data,2016-03-23,0.47,0.28,0.14,0.04,0.06,1500,IVR,157,0.010000000000000009,7,1
Abacus Data,2016-03-18,0.44,0.29,0.16,0.04,0.06,1500,IVR,152,0.010000000000000009,7,1
Forum Research,2016-03-15,0.46,0.34,0.12,0.04,0.03,1567,online,149,0.009999999999999898,8,2
Forum Research,2016-02-17,0.49,0.32,0.1,0.03,0.05,1406,online,122,0.009999999999999898,8,2
Leger,2016-02-04,0.49,0.27,0.15,0.03,0.05,1524,IVR,109,0.009999999999999898,9,1
EKOS,2016-01-18,0.467,0.253,0.159,0.039,0.07,2598,Online - telephone,92,0.01200000000000001,4,4
EKOS,2015-12-10,0.46299999999999997,0.272,0.153,0.034,0.067,1956,Online - telephone,53,0.010999999999999899,4,4
Forum Research,2015-12-08,0.46,0.32,0.13,0.04,0.04,1369,online,51,0.009999999999999898,8,2
Abacus Data,2015-11-25,0.49,0.24,0.16,0.05,0.05,1500,IVR,38,0.009999999999999898,7,1
Forum Research,2015-11-17,0.45,0.37,0.1,0.04,0.03,909,online,30,0.009999999999999898,8,2
Forum Research,2015-11-07,0.55,0.25,0.12,0.04,0.03,1256,online,20,0.009999999999999898,8,2
Nanos Research,2021-08-13,0.33399999999999996,0.284,0.207,0.063,0.079,1000,IVR,2126,0.03300000000000014,1,1
Leger,2021-08-12,0.35,0.3,0.19,0.07,0.05,1615,IVR,2125,0.040000000000000036,9,1
Mainstreet Research,2021-08-11,0.34600000000000003,0.292,0.179,0.057,0.053,909,online,2124,0.07299999999999995,2,2
Innovative Research,2021-08-11,0.4,0.25,0.17,0.07,0.06,1282,IVR,2124,0.04999999999999982,10,1
Abacus Data,2021-08-11,0.37,0.28,0.2,0.05,0.05,3000,IVR,2124,0.04999999999999982,7,1
Angus Reid,2021-08-10,0.36,0.31,0.19,0.07,0.03,1615,IVR,2123,0.040000000000000036,12,1
EKOS,2021-08-10,0.363,0.27699999999999997,0.18600000000000003,0.053,0.068,1482,online,2123,0.052999999999999936,4,2
Innovative Research,2021-08-04,0.39,0.25,0.19,0.07,0.06,1953,IVR,2117,0.039999999999999813,10,1
Angus Reid,2021-08-03,0.35,0.3,0.19,0.07,0.03,1605,IVR,2116,0.06000000000000005,12,1
Abacus Data,2021-08-02,0.37,0.25,0.2,0.08,0.06,2000,IVR,2115,0.040000000000000036,7,1
Leger,2021-08-01,0.36,0.29,0.2,0.07,0.04,2079,IVR,2114,0.040000000000000036,9,1
Angus Reid,2021-07-27,0.33,0.3,0.21,0.07,0.04,1606,IVR,2109,0.050000000000000044,12,1
Mainstreet Research,2021-07-26,0.344,0.317,0.162,0.051,0.047,1299,online,2108,0.07899999999999985,2,2
Innovative Research,2021-07-21,0.41,0.27,0.17,0.06,0.05,834,IVR,2103,0.040000000000000036,10,1
EKOS,2021-07-21,0.35200000000000004,0.27699999999999997,0.185,0.055999999999999994,0.052000000000000005,1934,online,2103,0.07799999999999985,4,2
Ipsos,2021-07-20,0.36,0.3,0.2,0.07,0.03,1000,IVR,2102,0.040000000000000036,6,1
Leger,2021-07-18,0.34,0.29,0.22,0.07,0.04,2069,IVR,2100,0.040000000000000036,9,1
Angus Reid,2021-07-16,0.33,0.31,0.2,0.07,0.03,1625,IVR,2098,0.05999999999999983,12,1
Nanos Research,2021-07-16,0.39299999999999996,0.23600000000000002,0.217,0.048,0.068,1000,IVR,2098,0.038000000000000034,1,1
Leger,2021-07-04,0.33,0.3,0.19,0.07,0.05,1518,IVR,2086,0.05999999999999983,9,1
Nanos Research,2021-07-02,0.381,0.23600000000000002,0.204,0.051,0.075,1000,IVR,2084,0.05300000000000005,1,1
Abacus Data,2021-06-30,0.37,0.25,0.2,0.07,0.06,1500,IVR,2082,0.04999999999999982,7,1
Nanos Research,2021-06-25,0.371,0.247,0.193,0.057999999999999996,0.079,1000,IVR,2077,0.052000000000000046,1,1
Ipsos,2021-06-22,0.38,0.26,0.2,0.08,0.07,1501,Online - telephone,2074,0.010000000000000009,6,4
Abacus Data,2021-06-21,0.37,0.27,0.18,0.09,0.05,2070,IVR,2073,0.039999999999999925,7,1
Leger,2021-06-20,0.34,0.3,0.2,0.08,0.05,1542,IVR,2072,0.029999999999999916,9,1
Nanos Research,2021-06-18,0.374,0.254,0.182,0.07,0.065,1000,IVR,2070,0.05499999999999994,1,1
Abacus Data,2021-06-16,0.34,0.29,0.21,0.08,0.06,1500,IVR,2068,0.020000000000000018,7,1
Research Co.,2021-06-14,0.38,0.3,0.2,0.05,0.05,1000,IVR,2066,0.020000000000000018,3,1
Mainstreet Research,2021-06-14,0.377,0.273,0.172,0.05,0.059000000000000004,1291,online,2066,0.06899999999999984,2,2
EKOS,2021-06-14,0.35,0.262,0.17300000000000001,0.066,0.083,1412,online,2066,0.06600000000000006,4,2
Nanos Research,2021-06-11,0.375,0.264,0.175,0.07400000000000001,0.07,1000,IVR,2063,0.041999999999999815,1,1
Innovative Research,2021-06-08,0.37,0.26,0.17,0.07,0.08,1043,IVR,2060,0.04999999999999993,10,1
Angus Reid,2021-06-07,0.33,0.3,0.21,0.06,0.04,4948,IVR,2059,0.06000000000000005,12,1
Leger,2021-06-06,0.32,0.29,0.22,0.06,0.06,1539,IVR,2058,0.050000000000000044,9,1
Counsel,2021-06-04,0.319,0.276,0.179,0.077,0.069,3175,IVR,2056,0.08000000000000007,16,1
Nanos Research,2021-06-04,0.38,0.273,0.171,0.066,0.061,1000,IVR,2056,0.04899999999999993,1,1
Innovative Research,2021-05-31,0.38,0.27,0.15,0.08,0.08,2579,IVR,2052,0.040000000000000036,10,1
Abacus Data,2021-05-28,0.34,0.31,0.17,0.07,0.07,2000,IVR,2049,0.039999999999999813,7,1
Nanos Research,2021-05-28,0.382,0.273,0.17,0.077,0.061,1000,IVR,2049,0.03699999999999992,1,1
EKOS,2021-05-27,0.354,0.278,0.179,0.055999999999999994,0.07,1948,online,2048,0.06299999999999994,4,2
Leger,2021-05-23,0.34,0.3,0.19,0.07,0.07,1624,IVR,2044,0.029999999999999805,9,1
Mainstreet Research,2021-05-23,0.37200000000000005,0.314,0.133,0.052000000000000005,0.069,1332,online,2044,0.05999999999999983,2,2
Nanos Research,2021-05-21,0.369,0.287,0.161,0.07200000000000001,0.07,1000,IVR,2042,0.040999999999999925,1,1
Angus Reid,2021-05-17,0.34,0.32,0.18,0.07,0.05,1601,IVR,2038,0.039999999999999813,12,1
Leger,2021-05-16,0.32,0.31,0.19,0.07,0.08,1516,IVR,2037,0.029999999999999916,9,1
Ipsos,2021-05-14,0.38,0.29,0.21,0.06,0.05,1001,IVR,2035,0.010000000000000009,6,1
Nanos Research,2021-05-14,0.369,0.284,0.16699999999999998,0.075,0.063,1000,IVR,2035,0.04200000000000004,1,1
Abacus Data,2021-05-12,0.34,0.32,0.17,0.06,0.07,1500,IVR,2033,0.039999999999999813,7,1
Leger,2021-05-09,0.33,0.3,0.19,0.07,0.07,1529,IVR,2030,0.039999999999999813,9,1
Nanos Research,2021-05-07,0.35200000000000004,0.295,0.166,0.085,0.068,1000,IVR,2028,0.03400000000000003,1,1
EKOS,2021-05-06,0.36,0.261,0.19699999999999998,0.04,0.071,1808,online,2027,0.07100000000000006,4,2
Innovative Research,2021-05-05,0.4,0.27,0.18,0.04,0.07,2738,IVR,2026,0.039999999999999813,10,1
Nanos Research,2021-04-30,0.35200000000000004,0.311,0.165,0.073,0.07200000000000001,1000,IVR,2021,0.026999999999999913,1,1
Leger,2021-04-25,0.34,0.28,0.2,0.07,0.07,1548,IVR,2016,0.039999999999999813,9,1
Angus Reid,2021-04-25,0.34,0.32,0.2,0.07,0.05,2008,IVR,2016,0.019999999999999796,12,1
Abacus Data,2021-04-25,0.36,0.29,0.17,0.07,0.07,2201,IVR,2016,0.040000000000000036,7,1
Nanos Research,2021-04-23,0.363,0.28800000000000003,0.18100000000000002,0.07200000000000001,0.07200000000000001,1000,IVR,2014,0.0239999999999998,1,1
Leger,2021-04-21,0.35,0.3,0.19,0.06,0.06,1504,IVR,2012,0.040000000000000036,9,1
Ipsos,2021-04-21,0.38,0.27,0.19,0.07,0.07,1000,IVR,2012,0.019999999999999796,6,1
Abacus Data,2021-04-21,0.39,0.28,0.16,0.07,0.07,1900,IVR,2012,0.029999999999999805,7,1
Mainstreet Research,2021-04-18,0.368,0.29600000000000004,0.149,0.057999999999999996,0.066,1246,online,2009,0.06299999999999994,2,2
Nanos Research,2021-04-16,0.361,0.29,0.185,0.068,0.07400000000000001,1000,IVR,2007,0.021999999999999797,1,1
Abacus Data,2021-04-14,0.37,0.29,0.19,0.06,0.06,1981,IVR,2005,0.030000000000000027,7,1
Innovative Research,2021-04-13,0.39,0.27,0.17,0.04,0.08,2390,IVR,2004,0.04999999999999993,10,1
Stratcom,2021-04-13,0.331,0.302,0.159,0.064,0.07400000000000001,6537,online,2004,0.06999999999999984,15,2
Leger,2021-04-11,0.35,0.3,0.18,0.07,0.07,1504,IVR,2002,0.030000000000000027,9,1
Ipsos,2021-04-09,0.4,0.3,0.13,0.09,0.05,1001,IVR,2000,0.030000000000000027,6,1
Nanos Research,2021-04-09,0.376,0.292,0.18899999999999997,0.059000000000000004,0.07,1000,IVR,2000,0.014000000000000012,1,1
Campaign Research,2021-04-08,0.34,0.33,0.17,0.07,0.07,2880,IVR,1999,0.019999999999999796,5,1
Nanos Research,2021-04-02,0.392,0.27,0.18,0.055999999999999994,0.08,1000,IVR,1993,0.02199999999999991,1,1
Abacus Data,2021-03-30,0.38,0.3,0.17,0.07,0.06,2000,IVR,1990,0.020000000000000018,7,1
Leger,2021-03-28,0.35,0.28,0.22,0.07,0.06,1523,IVR,1988,0.020000000000000018,9,1
Nanos Research,2021-03-26,0.387,0.27399999999999997,0.174,0.057999999999999996,0.079,1000,IVR,1986,0.028000000000000025,1,1
Mainstreet Research,2021-03-22,0.37,0.34,0.1,0.08,0.06,1939,online,1982,0.050000000000000044,2,2
Nanos Research,2021-03-19,0.38,0.27699999999999997,0.17,0.059000000000000004,0.08,1000,IVR,1979,0.03399999999999992,1,1
Abacus Data,2021-03-17,0.33,0.29,0.19,0.07,0.08,2000,IVR,1977,0.039999999999999925,7,1
Research Co.,2021-03-15,0.37,0.28,0.2,0.07,0.06,1000,IVR,1975,0.019999999999999796,3,1
Leger,2021-03-14,0.36,0.31,0.19,0.06,0.05,1512,IVR,1974,0.030000000000000027,9,1
Nanos Research,2021-03-12,0.36700000000000005,0.276,0.17,0.055999999999999994,0.085,1000,IVR,1972,0.04600000000000004,1,1
Abacus Data,2021-03-05,0.34,0.3,0.18,0.08,0.07,2000,IVR,1965,0.030000000000000027,7,1
Nanos Research,2021-03-05,0.348,0.297,0.16899999999999998,0.062,0.07400000000000001,1000,IVR,1965,0.04999999999999982,1,1
Ipsos,2021-03-03,0.35,0.28,0.16,0.07,0.1,1000,IVR,1963,0.039999999999999925,6,1
Angus Reid,2021-03-03,0.35,0.31,0.19,0.06,0.04,5004,IVR,1963,0.050000000000000044,12,1
Leger,2021-02-28,0.35,0.28,0.23,0.07,0.06,1532,IVR,1960,0.010000000000000009,9,1
Nanos Research,2021-02-26,0.35,0.294,0.165,0.062,0.07200000000000001,1000,IVR,1958,0.05699999999999994,1,1
Mainstreet Research,2021-02-24,0.36,0.31,0.15,0.06,0.07,1476,online,1956,0.050000000000000044,2,2
Angus Reid,2021-02-19,0.34,0.31,0.2,0.07,0.05,1987,IVR,1951,0.029999999999999805,12,1
Nanos Research,2021-02-19,0.35200000000000004,0.29,0.168,0.068,0.07200000000000001,1000,IVR,1951,0.04999999999999982,1,1
Leger,2021-02-14,0.36,0.29,0.2,0.06,0.07,1535,IVR,1946,0.020000000000000018,9,1
Nanos Research,2021-02-12,0.342,0.303,0.17,0.075,0.067,1000,IVR,1944,0.04299999999999993,1,1
Ipsos,2021-02-10,0.33,0.3,0.2,0.08,0.08,1000,IVR,1942,0.010000000000000009,6,1
Nanos Research,2021-02-05,0.359,0.289,0.16399999999999998,0.07400000000000001,0.07400000000000001,1000,IVR,1937,0.040000000000000036,1,1
Abacus Data,2021-02-03,0.32,0.31,0.18,0.08,0.07,3930,IVR,1935,0.040000000000000036,7,1
Innovative Research,2021-02-01,0.38,0.28,0.15,0.07,0.08,4449,IVR,1933,0.039999999999999925,10,1
Leger,2021-01-31,0.37,0.28,0.22,0.07,0.05,1559,IVR,1932,0.010000000000000009,9,1
Campaign Research,2021-01-30,0.34,0.3,0.19,0.06,0.08,2413,IVR,1931,0.029999999999999916,5,1
Nanos Research,2021-01-29,0.35,0.303,0.155,0.085,0.07400000000000001,1000,IVR,1930,0.03299999999999992,1,1
EKOS,2021-01-27,0.34299999999999997,0.309,0.15,0.057,0.077,8575,online,1928,0.06400000000000006,4,2
Angus Reid,2021-01-24,0.35,0.3,0.2,0.06,0.05,1559,IVR,1925,0.040000000000000036,12,1
Nanos Research,2021-01-22,0.363,0.28800000000000003,0.159,0.081,0.078,1000,IVR,1923,0.031000000000000028,1,1
Mainstreet Research,2021-01-20,0.39299999999999996,0.319,0.14400000000000002,0.052000000000000005,0.052000000000000005,3132,online,1921,0.039999999999999925,2,2
Leger,2021-01-17,0.36,0.29,0.21,0.07,0.06,1516,IVR,1918,0.010000000000000009,9,1
Nanos Research,2021-01-15,0.387,0.27399999999999997,0.157,0.08,0.075,1000,IVR,1916,0.027000000000000024,1,1
Abacus Data,2021-01-12,0.35,0.31,0.17,0.08,0.06,2000,IVR,1913,0.030000000000000027,7,1
Nanos Research,2021-01-08,0.402,0.273,0.165,0.067,0.07400000000000001,1000,IVR,1909,0.018999999999999906,1,1
Ipsos,2021-01-06,0.36,0.29,0.19,0.06,0.08,1000,IVR,1907,0.02000000000000013,6,1
Leger,2021-01-03,0.35,0.3,0.2,0.07,0.06,1506,IVR,1904,0.020000000000000018,9,1
Nanos Research,2021-01-01,0.40399999999999997,0.258,0.182,0.064,0.073,1000,IVR,1902,0.019000000000000128,1,1
Nanos Research,2020-12-25,0.39899999999999997,0.268,0.18,0.065,0.069,1000,IVR,1895,0.019000000000000128,1,1
Pollara,2020-12-23,0.38,0.29,0.18,0.07,0.06,1200,IVR,1893,0.020000000000000018,13,1
Abacus Data,2020-12-18,0.35,0.32,0.17,0.07,0.07,2200,IVR,1888,0.020000000000000018,7,1
Nanos Research,2020-12-18,0.381,0.262,0.2,0.063,0.07,1000,IVR,1888,0.02400000000000002,1,1
Mainstreet Research,2020-12-17,0.379,0.332,0.131,0.049,0.067,1286,online,1887,0.041999999999999815,2,2
Research Co.,2020-12-14,0.37,0.31,0.2,0.07,0.03,1000,IVR,1884,0.020000000000000018,3,1
Ipsos,2020-12-14,0.35,0.32,0.18,0.07,0.07,1000,IVR,1884,0.010000000000000009,6,1
Leger,2020-12-13,0.35,0.29,0.23,0.07,0.05,1528,IVR,1883,0.010000000000000009,9,1
Nanos Research,2020-12-11,0.368,0.264,0.21100000000000002,0.07,0.063,1000,IVR,1881,0.02400000000000002,1,1
Nanos Research,2020-12-04,0.36,0.266,0.2,0.07,0.079,1000,IVR,1874,0.02499999999999991,1,1
Campaign Research,2020-12-03,0.35,0.32,0.19,0.05,0.06,1956,IVR,1873,0.030000000000000027,5,1
Angus Reid,2020-11-30,0.34,0.33,0.19,0.06,0.04,5003,IVR,1870,0.039999999999999813,12,1
Leger,2020-11-29,0.34,0.3,0.2,0.07,0.07,1516,IVR,1869,0.019999999999999796,9,1
Nanos Research,2020-11-27,0.35700000000000004,0.265,0.19899999999999998,0.06,0.094,1000,IVR,1867,0.025000000000000022,1,1
Mainstreet Research,2020-11-26,0.39,0.317,0.12300000000000001,0.051,0.067,1341,online,1866,0.051999999999999824,2,2
EKOS,2020-11-26,0.35,0.313,0.139,0.069,0.068,5240,online,1866,0.06099999999999994,4,2
Delphi Polling,2020-11-25,0.38,0.32,0.16,0.06,0.06,1000,IVR,1865,0.020000000000000018,17,1
Abacus Data,2020-11-24,0.36,0.3,0.16,0.07,0.05,2912,IVR,1864,0.06000000000000005,7,1
Ipsos,2020-11-23,0.36,0.31,0.17,0.08,0.07,1001,IVR,1863,0.010000000000000009,6,1
Nanos Research,2020-11-20,0.359,0.267,0.196,0.055999999999999994,0.1,1000,IVR,1860,0.02199999999999991,1,1
Leger,2020-11-15,0.35,0.31,0.18,0.08,0.06,1522,IVR,1855,0.02000000000000024,9,1
Nanos Research,2020-11-13,0.359,0.264,0.198,0.054000000000000006,0.107,1000,IVR,1853,0.018000000000000016,1,1
Abacus Data,2020-11-12,0.38,0.3,0.15,0.08,0.06,1664,IVR,1852,0.030000000000000027,7,1
Angus Reid,2020-11-09,0.35,0.33,0.18,0.07,0.05,1602,IVR,1849,0.020000000000000018,12,1
Leger,2020-11-08,0.36,0.28,0.21,0.07,0.05,1534,IVR,1848,0.030000000000000027,9,1
Nanos Research,2020-11-06,0.376,0.289,0.185,0.049,0.085,1000,IVR,1846,0.015999999999999903,1,1
Leger,2020-11-01,0.34,0.31,0.21,0.07,0.06,1516,IVR,1841,0.010000000000000009,9,1
Nanos Research,2020-10-30,0.395,0.27899999999999997,0.16899999999999998,0.055999999999999994,0.08199999999999999,1000,IVR,1839,0.019000000000000017,1,1
Leger,2020-10-25,0.37,0.3,0.18,0.08,0.05,1523,IVR,1834,0.02000000000000013,9,1
Nanos Research,2020-10-23,0.386,0.294,0.156,0.06,0.08199999999999999,1000,IVR,1832,0.02200000000000013,1,1
Mainstreet Research,2020-10-21,0.358,0.34,0.15,0.054000000000000006,0.05,1328,online,1830,0.04799999999999993,2,2
EKOS,2020-10-19,0.35200000000000004,0.314,0.13699999999999998,0.057,0.087,1416,online,1828,0.052999999999999936,4,2
Leger,2020-10-18,0.36,0.29,0.18,0.08,0.06,1512,IVR,1827,0.03000000000000025,9,1
Nanos Research,2020-10-16,0.385,0.325,0.134,0.06,0.076,1000,IVR,1825,0.02000000000000013,1,1
Nanos Research,2020-10-09,0.353,0.332,0.149,0.065,0.079,1000,IVR,1818,0.02200000000000002,1,1
Innovative Research,2020-10-06,0.37,0.31,0.16,0.06,0.05,2771,IVR,1815,0.050000000000000044,10,1
Leger,2020-10-04,0.36,0.32,0.2,0.07,0.04,1523,IVR,1813,0.010000000000000009,9,1
Nanos Research,2020-10-02,0.341,0.335,0.166,0.066,0.068,1000,IVR,1811,0.0239999999999998,1,1
Ipsos,2020-10-01,0.36,0.31,0.18,0.07,0.06,1000,IVR,1810,0.020000000000000018,6,1
Abacus Data,2020-09-28,0.35,0.3,0.17,0.06,0.07,2440,IVR,1807,0.050000000000000044,7,1
Nanos Research,2020-09-25,0.341,0.342,0.16699999999999998,0.066,0.059000000000000004,1000,IVR,1804,0.0249999999999998,1,1
Mainstreet Research,2020-09-24,0.371,0.34600000000000003,0.152,0.048,0.046,1307,online,1803,0.03699999999999981,2,2
Abacus Data,2020-09-21,0.35,0.32,0.17,0.06,0.08,1500,IVR,1800,0.02000000000000013,7,1
Leger,2020-09-20,0.35,0.3,0.19,0.08,0.06,1538,IVR,1799,0.02000000000000024,9,1
Nanos Research,2020-09-18,0.35,0.332,0.174,0.06,0.061,1000,IVR,1797,0.02300000000000013,1,1
Campaign Research,2020-09-15,0.4,0.3,0.15,0.06,0.07,2389,IVR,1794,0.020000000000000018,5,1
Innovative Research,2020-09-15,0.39,0.29,0.17,0.06,0.07,2374,IVR,1794,0.020000000000000018,10,1
Ipsos,2020-09-14,0.33,0.32,0.2,0.06,0.08,1000,IVR,1793,0.009999999999999898,6,1
Research Co.,2020-09-13,0.38,0.32,0.17,0.08,0.03,1000,IVR,1792,0.020000000000000018,3,1
Leger,2020-09-13,0.35,0.31,0.18,0.07,0.06,1539,IVR,1792,0.030000000000000027,9,1
Nanos Research,2020-09-11,0.358,0.301,0.191,0.068,0.06,1000,IVR,1790,0.021999999999999797,1,1
Leger,2020-09-06,0.34,0.32,0.19,0.07,0.06,1529,IVR,1785,0.019999999999999796,9,1
Nanos Research,2020-09-04,0.332,0.311,0.192,0.078,0.076,1000,IVR,1783,0.01100000000000012,1,1
Abacus Data,2020-09-03,0.33,0.31,0.18,0.07,0.07,2289,IVR,1782,0.039999999999999813,7,1
Angus Reid,2020-09-01,0.35,0.35,0.17,0.07,0.04,5005,IVR,1780,0.020000000000000018,12,1
Innovative Research,2020-09-01,0.38,0.28,0.16,0.07,0.07,2308,IVR,1780,0.039999999999999813,10,1
Leger,2020-08-30,0.35,0.29,0.21,0.08,0.05,1521,IVR,1778,0.02000000000000013,9,1
Nanos Research,2020-08-28,0.34299999999999997,0.305,0.195,0.076,0.071,1000,IVR,1776,0.01000000000000012,1,1
Leger,2020-08-23,0.38,0.3,0.18,0.07,0.06,1516,IVR,1771,0.010000000000000009,9,1
Nanos Research,2020-08-21,0.344,0.3,0.19699999999999998,0.075,0.071,1000,IVR,1769,0.013000000000000234,1,1
Abacus Data,2020-08-19,0.36,0.3,0.18,0.06,0.05,1500,IVR,1767,0.050000000000000044,7,1
Ipsos,2020-08-18,0.35,0.32,0.18,0.07,0.07,2000,IVR,1766,0.010000000000000009,6,1
Innovative Research,2020-08-18,0.4,0.28,0.16,0.07,0.06,1934,IVR,1766,0.029999999999999805,10,1
Leger,2020-08-16,0.35,0.32,0.18,0.08,0.06,1510,IVR,1764,0.010000000000000231,9,1
Nanos Research,2020-08-14,0.335,0.315,0.179,0.064,0.086,1000,IVR,1762,0.02100000000000002,1,1
Campaign Research,2020-08-13,0.3,0.33,0.18,0.07,0.08,2013,IVR,1761,0.039999999999999925,5,1
Mainstreet Research,2020-08-12,0.413,0.289,0.156,0.055,0.052000000000000005,1594,online,1760,0.03499999999999992,2,2
Leger,2020-08-09,0.36,0.29,0.15,0.08,0.08,1513,IVR,1757,0.04000000000000015,9,1
Nanos Research,2020-08-07,0.361,0.301,0.17600000000000002,0.064,0.07400000000000001,1000,IVR,1755,0.02400000000000002,1,1
Leger,2020-08-02,0.33,0.31,0.2,0.08,0.06,1531,IVR,1750,0.020000000000000018,9,1
Nanos Research,2020-07-31,0.34299999999999997,0.297,0.174,0.068,0.083,1000,IVR,1748,0.03500000000000014,1,1
Abacus Data,2020-07-29,0.34,0.3,0.17,0.08,0.06,1500,IVR,1746,0.050000000000000044,7,1
Leger,2020-07-26,0.35,0.29,0.2,0.09,0.06,1517,IVR,1743,0.010000000000000231,9,1
Nanos Research,2020-07-24,0.33299999999999996,0.299,0.16899999999999998,0.069,0.09300000000000001,1000,IVR,1741,0.037000000000000144,1,1
EKOS,2020-07-22,0.34700000000000003,0.3,0.152,0.065,0.076,1505,online,1739,0.05999999999999994,4,2
Innovative Research,2020-07-20,0.4,0.28,0.14,0.07,0.07,2599,IVR,1737,0.039999999999999813,10,1
Leger,2020-07-19,0.39,0.28,0.17,0.07,0.07,1524,IVR,1736,0.019999999999999796,9,1
Nanos Research,2020-07-17,0.349,0.289,0.16899999999999998,0.071,0.08800000000000001,1000,IVR,1734,0.03400000000000014,1,1
EKOS,2020-07-16,0.332,0.295,0.182,0.066,0.076,694,online,1733,0.049000000000000044,4,2
Abacus Data,2020-07-16,0.36,0.31,0.16,0.07,0.07,1500,IVR,1733,0.030000000000000027,7,1
Leger,2020-07-12,0.38,0.26,0.19,0.08,0.07,1523,IVR,1729,0.020000000000000018,9,1
Nanos Research,2020-07-10,0.359,0.289,0.156,0.067,0.09300000000000001,1000,IVR,1727,0.03600000000000003,1,1
Leger,2020-07-05,0.39,0.25,0.2,0.08,0.05,1517,IVR,1722,0.029999999999999916,9,1
Nanos Research,2020-07-03,0.363,0.278,0.16399999999999998,0.061,0.10099999999999999,1000,IVR,1720,0.03300000000000014,1,1
Leger,2020-06-28,0.4,0.28,0.17,0.07,0.06,1524,IVR,1715,0.019999999999999796,9,1
Mainstreet Research,2020-06-26,0.43200000000000005,0.27399999999999997,0.141,0.057,0.048,1283,online,1713,0.04799999999999993,2,2
Nanos Research,2020-06-26,0.384,0.27,0.14800000000000002,0.065,0.09300000000000001,1000,IVR,1713,0.040000000000000036,1,1
Innovative Research,2020-06-23,0.41,0.27,0.15,0.06,0.08,2115,IVR,1710,0.030000000000000138,10,1
Leger,2020-06-21,0.39,0.28,0.19,0.07,0.05,1521,IVR,1708,0.019999999999999796,9,1
Abacus Data,2020-06-21,0.4,0.29,0.16,0.07,0.06,2979,IVR,1708,0.020000000000000018,7,1
Nanos Research,2020-06-19,0.382,0.261,0.141,0.075,0.095,1000,IVR,1706,0.04600000000000004,1,1
EKOS,2020-06-16,0.405,0.299,0.127,0.051,0.065,3006,online,1703,0.052999999999999936,4,2
Leger,2020-06-14,0.4,0.27,0.16,0.07,0.07,1527,IVR,1701,0.029999999999999805,9,1
Nanos Research,2020-06-12,0.368,0.257,0.163,0.07,0.09300000000000001,1000,IVR,1699,0.04899999999999993,1,1
Abacus Data,2020-06-11,0.39,0.29,0.19,0.06,0.05,1780,IVR,1698,0.020000000000000018,7,1
Leger,2020-06-07,0.46,0.25,0.15,0.07,0.06,1523,IVR,1694,0.010000000000000009,9,1
Nanos Research,2020-06-05,0.358,0.255,0.16699999999999998,0.081,0.083,1000,IVR,1692,0.05600000000000005,1,1
Innovative Research,2020-06-01,0.42,0.28,0.12,0.07,0.07,2246,IVR,1688,0.040000000000000036,10,1
Leger,2020-05-31,0.4,0.27,0.18,0.07,0.07,1536,IVR,1687,0.009999999999999787,9,1
Abacus Data,2020-05-29,0.39,0.29,0.15,0.07,0.07,1800,IVR,1685,0.030000000000000027,7,1
Leger,2020-05-25,0.41,0.27,0.15,0.07,0.06,1510,IVR,1681,0.040000000000000036,9,1
Angus Reid,2020-05-24,0.37,0.31,0.17,0.07,0.05,5001,IVR,1680,0.030000000000000027,12,1
Nanos Research,2020-05-22,0.353,0.262,0.193,0.066,0.075,1000,IVR,1678,0.050999999999999934,1,1
Leger,2020-05-17,0.44,0.25,0.15,0.07,0.07,1513,IVR,1673,0.020000000000000018,9,1
Abacus Data,2020-05-17,0.39,0.31,0.16,0.07,0.06,1800,IVR,1673,0.010000000000000009,7,1
Nanos Research,2020-05-15,0.36700000000000005,0.263,0.184,0.067,0.07200000000000001,1000,IVR,1671,0.04699999999999993,1,1
Leger,2020-05-10,0.41,0.28,0.17,0.07,0.06,1526,IVR,1666,0.010000000000000009,9,1
Nanos Research,2020-05-08,0.369,0.261,0.192,0.061,0.08,1000,IVR,1664,0.03700000000000003,1,1
Mainstreet Research,2020-05-07,0.433,0.294,0.115,0.057999999999999996,0.059000000000000004,1404,online,1663,0.041000000000000036,2,2
EKOS,2020-05-07,0.42700000000000005,0.28300000000000003,0.106,0.067,0.067,5276,online,1663,0.050000000000000044,4,2
Innovative Research,2020-05-05,0.41,0.28,0.13,0.06,0.07,2699,IVR,1661,0.050000000000000044,10,1
Research Co.,2020-05-03,0.39,0.3,0.17,0.05,0.07,1000,IVR,1659,0.020000000000000018,3,1
Leger,2020-05-03,0.44,0.25,0.15,0.07,0.06,1526,IVR,1659,0.030000000000000027,9,1
Nanos Research,2020-05-01,0.369,0.258,0.19,0.057999999999999996,0.084,1000,IVR,1657,0.041000000000000036,1,1
Leger,2020-04-26,0.43,0.28,0.14,0.07,0.06,1515,IVR,1652,0.020000000000000018,9,1
Abacus Data,2020-04-24,0.38,0.3,0.16,0.08,0.06,2481,IVR,1650,0.020000000000000018,7,1
Nanos Research,2020-04-24,0.382,0.262,0.17,0.069,0.08,1000,IVR,1650,0.03700000000000003,1,1
Leger,2020-04-19,0.42,0.29,0.14,0.08,0.05,1504,IVR,1645,0.020000000000000018,9,1
Angus Reid,2020-04-17,0.36,0.33,0.17,0.08,0.04,1912,IVR,1643,0.020000000000000018,12,1
Nanos Research,2020-04-17,0.38299999999999995,0.264,0.174,0.07200000000000001,0.07,1000,IVR,1643,0.03699999999999992,1,1
Leger,2020-04-12,0.39,0.28,0.18,0.06,0.08,1508,IVR,1638,0.009999999999999898,9,1
Nanos Research,2020-04-10,0.381,0.284,0.157,0.081,0.067,1000,IVR,1636,0.030000000000000027,1,1
Nanos Research,2020-04-03,0.389,0.29100000000000004,0.14800000000000002,0.084,0.065,1000,IVR,1629,0.02299999999999991,1,1
Innovative Research,2020-04-02,0.4,0.27,0.15,0.08,0.07,2059,IVR,1628,0.030000000000000027,10,1
Nanos Research,2020-03-27,0.361,0.309,0.166,0.07,0.07,1000,IVR,1622,0.02400000000000002,1,1
EKOS,2020-03-26,0.40399999999999997,0.28600000000000003,0.122,0.086,0.059000000000000004,2304,online,1621,0.04300000000000004,4,2
Nanos Research,2020-03-20,0.348,0.325,0.174,0.06,0.07,1000,IVR,1615,0.02299999999999991,1,1
Mainstreet Research,2020-03-17,0.386,0.322,0.111,0.08800000000000001,0.057,1665,online,1612,0.03600000000000003,2,2
Nanos Research,2020-03-13,0.37,0.295,0.17600000000000002,0.059000000000000004,0.07400000000000001,1000,IVR,1608,0.0259999999999998,1,1
Nanos Research,2020-03-06,0.348,0.324,0.171,0.057999999999999996,0.07400000000000001,1000,IVR,1601,0.02499999999999991,1,1
Leger,2020-03-02,0.32,0.3,0.2,0.08,0.08,1540,IVR,1597,0.020000000000000018,9,1
Angus Reid,2020-02-28,0.26,0.34,0.21,0.09,0.07,5043,IVR,1594,0.030000000000000027,12,1
Nanos Research,2020-02-28,0.353,0.35100000000000003,0.15,0.059000000000000004,0.065,1000,IVR,1594,0.02200000000000002,1,1
Campaign Research,2020-02-26,0.3,0.3,0.19,0.08,0.11,1606,IVR,1592,0.020000000000000018,5,1
Nanos Research,2020-02-21,0.33,0.36200000000000004,0.154,0.068,0.066,1000,IVR,1587,0.019999999999999796,1,1
Nanos Research,2020-02-14,0.327,0.361,0.155,0.071,0.07,1000,IVR,1580,0.016000000000000014,1,1
Nanos Research,2020-02-07,0.33399999999999996,0.355,0.13699999999999998,0.078,0.08,1000,IVR,1573,0.016000000000000125,1,1
Nanos Research,2020-01-31,0.332,0.331,0.16399999999999998,0.077,0.079,1000,IVR,1566,0.017000000000000126,1,1
Leger,2020-01-30,0.34,0.32,0.19,0.07,0.07,1501,IVR,1565,0.009999999999999787,9,1
Nanos Research,2020-01-24,0.33799999999999997,0.31,0.16699999999999998,0.083,0.08900000000000001,1000,IVR,1559,0.013000000000000123,1,1
Leger,2020-01-21,0.31,0.32,0.19,0.08,0.08,1552,IVR,1556,0.020000000000000018,9,1
Abacus Data,2020-01-17,0.34,0.3,0.17,0.06,0.08,1500,IVR,1552,0.04999999999999993,7,1
Mainstreet Research,2020-01-17,0.39799999999999996,0.324,0.106,0.066,0.054000000000000006,1470,online,1552,0.052000000000000046,2,2
Nanos Research,2020-01-17,0.341,0.308,0.16399999999999998,0.081,0.086,1000,IVR,1552,0.02000000000000013,1,1
Nanos Research,2020-01-10,0.322,0.315,0.17800000000000002,0.081,0.081,1000,IVR,1545,0.02300000000000002,1,1
Leger,2020-01-07,0.34,0.31,0.18,0.07,0.08,1554,IVR,1542,0.019999999999999907,9,1
Nanos Research,2020-01-03,0.337,0.313,0.17,0.071,0.08800000000000001,1000,IVR,1538,0.02100000000000002,1,1
Nanos Research,2019-12-27,0.34700000000000003,0.314,0.16399999999999998,0.063,0.08800000000000001,1000,IVR,1531,0.024000000000000132,1,1
Nanos Research,2019-12-20,0.34700000000000003,0.29600000000000004,0.177,0.06,0.098,1000,IVR,1524,0.02199999999999991,1,1
Abacus Data,2019-12-16,0.33,0.3,0.18,0.07,0.08,1500,IVR,1520,0.039999999999999925,7,1
Angus Reid,2019-12-15,0.3,0.33,0.19,0.08,0.07,2011,IVR,1519,0.030000000000000027,12,1
Nanos Research,2019-12-13,0.33799999999999997,0.305,0.187,0.05,0.102,1000,IVR,1517,0.017999999999999905,1,1
EKOS,2019-12-10,0.311,0.29600000000000004,0.168,0.057999999999999996,0.098,2339,online,1514,0.06900000000000006,4,2
Nanos Research,2019-12-06,0.336,0.31,0.175,0.067,0.098,1000,IVR,1510,0.014000000000000123,1,1
Nanos Research,2019-11-29,0.341,0.313,0.171,0.064,0.095,1000,IVR,1503,0.016000000000000014,1,1
Leger,2019-11-25,0.32,0.3,0.19,0.07,0.07,3040,IVR,1499,0.04999999999999982,9,1
Nanos Research,2019-11-22,0.337,0.309,0.172,0.068,0.09300000000000001,1000,IVR,1496,0.020999999999999908,1,1
Nanos Research,2019-11-15,0.32799999999999996,0.308,0.19,0.076,0.073,1000,IVR,1489,0.025000000000000244,1,1
Nanos Research,2019-11-08,0.318,0.313,0.19899999999999998,0.069,0.076,1000,IVR,1482,0.025000000000000022,1,1
Nanos Research,2019-11-01,0.311,0.325,0.19,0.067,0.085,1000,IVR,1475,0.02200000000000002,1,1
Nanos Research,2019-10-25,0.317,0.325,0.20800000000000002,0.07200000000000001,0.06,1000,IVR,1468,0.017999999999999794,1,1
Nanos Research,2021-08-22,0.325,0.314,0.20800000000000002,0.061,0.051,1200,IVR,2135,0.041000000000000036,1,1
Mainstreet Research,2021-08-22,0.324,0.317,0.182,0.059000000000000004,0.033,1467,online,2135,0.08499999999999996,2,2
Nanos Research,2021-08-21,0.34299999999999997,0.324,0.193,0.063,0.045,1200,IVR,2134,0.03199999999999992,1,1
Mainstreet Research,2021-08-21,0.34,0.309,0.19699999999999998,0.059000000000000004,0.034,1425,online,2134,0.06099999999999994,2,2
EKOS,2021-08-21,0.324,0.32799999999999996,0.166,0.061,0.052000000000000005,1293,online,2134,0.06899999999999995,4,2
Nanos Research,2021-08-20,0.342,0.32299999999999995,0.20199999999999999,0.061,0.043,1200,IVR,2133,0.029000000000000026,1,1
EKOS,2021-08-20,0.314,0.32899999999999996,0.183,0.062,0.049,1444,online,2133,0.06299999999999983,4,2
Mainstreet Research,2021-08-20,0.33899999999999997,0.326,0.193,0.049,0.037000000000000005,1449,online,2133,0.05599999999999983,2,2
EKOS,2021-08-19,0.325,0.319,0.192,0.057,0.049,1426,online,2132,0.05799999999999983,4,2
Mainstreet Research,2021-08-19,0.33399999999999996,0.331,0.198,0.05,0.036000000000000004,1433,online,2132,0.050999999999999934,2,2
Counsel,2021-08-18,0.303,0.285,0.217,0.078,0.048,3499,IVR,2131,0.06900000000000006,16,1
EKOS,2021-08-18,0.33299999999999996,0.32,0.201,0.055,0.045,1281,online,2131,0.04599999999999982,4,2
Mainstreet Research,2021-08-18,0.336,0.33,0.184,0.055,0.04,1571,online,2131,0.05499999999999983,2,2
EKOS,2021-08-17,0.34299999999999997,0.306,0.21,0.054000000000000006,0.042,913,online,2130,0.04499999999999993,4,2
Mainstreet Research,2021-08-17,0.33799999999999997,0.317,0.18899999999999997,0.061,0.039,1385,online,2130,0.05599999999999994,2,2
Angus Reid,2021-08-17,0.36,0.3,0.2,0.06,0.04,1614,IVR,2130,0.040000000000000036,12,1
EKOS,2021-08-16,0.337,0.294,0.205,0.054000000000000006,0.057,840,online,2129,0.052999999999999936,4,2
Mainstreet Research,2021-08-16,0.33,0.3,0.2,0.06,0.04,1372,online,2129,0.06999999999999984,2,2
Ipsos,2021-08-16,0.36,0.31,0.2,0.06,0.05,2001,Online - telephone,2129,0.020000000000000018,6,4
Innovative Research,2021-08-16,0.38,0.26,0.21,0.06,0.04,1412,IVR,2129,0.050000000000000044,10,1
Abacus Data,2021-08-16,0.33,0.28,0.22,0.07,0.05,1500,IVR,2129,0.04999999999999982,7,1
Forum Research,2021-08-15,0.28,0.31,0.19,0.07,0.08,1203,online,2128,0.06999999999999995,8,2
EKOS,2021-08-15,0.348,0.303,0.174,0.042,0.069,856,online,2128,0.06400000000000006,4,2
Leger,2021-08-15,0.35,0.3,0.2,0.07,0.05,2007,IVR,2128,0.030000000000000027,9,1
Mainstreet Research,2021-08-15,0.331,0.301,0.191,0.059000000000000004,0.039,1331,online,2128,0.07899999999999996,2,2
